PROJECT_ID,PROJECT_NAME,PROJECT_DESCRIPTION,ESTIMATED_COST,UPDATE_ACTIVITY,ENVIRONMENTAL_ASSESSMENT_STAGE,CONSTRUCTION_TYPE,CONSTRUCTION_SUBTYPE,PROJECT_TYPE,REGION,MUNICIPALITY,DEVELOPER,ARCHITECT,PROJECT_STATUS,PROJECT_STAGE,PROJECT_CATEGORY_NAME,PUBLIC_FUNDING_IND,PROVINCIAL_FUNDING,FEDERAL_FUNDING,MUNICIPAL_FUNDING,OTHER_PUBLIC_FUNDING,GREEN_BUILDING_IND,GREEN_BUILDING_DESC,CLEAN_ENERGY_IND,INDIGENOUS_IND,INDIGENOUS_NAMES,INDIGENOUS_AGREEMENT,CONSTRUCTION_JOBS,OPERATING_JOBS,STANDARDIZED_START_DATE,STANDARDIZED_COMPLETION_DATE,LATITUDE,LONGITUDE,LATITUDE_DMS,LONGITUDE_DMS,TELEPHONE,PROJECT_WEBSITE,FIRST_ENTRY_DATE,LAST_UPDATE
4884,Baptiste Nickel Project,"Proposed nickel mine that would have a 29-year mine life with an estimated 59,100 tonnes/yr. A process plant will be considered in future phases. Feasibility Study is expected to complete in 2027.",2970.0,New proposed project,,Industrial,Mining,Mining,7. Nechako,Fort St. James Area,FPX Nickel Corp.,,Proposed,Preliminary/Feasibility,Mining & Oil & Gas Extraction,False,False,False,False,False,False,,False,False,,,,,2028-01-01,2030-10-01,,,,,,,2025-03-01,2025-03-01
4864,St. Paul's Hospital - Clinical Support & Research Centre,the Clinical Support and Research Centre (CSRC) will accommodate clinicians and researchers on the campus. The project located on an 18.4-acre site on Station St has received approval of the business plan and funding.,638.0,,,Institutional,Health,Health Care and Social Assistance,2. Mainland/Southwest,Vancouver,Providence Health Care,,Construction started,,Public Services,True,True,True,True,True,True,LEED gold,False,False,,,,,2023-07-01,2029-07-01,,,,,,,2025-03-01,2025-03-01
4859,Trigon Liquid Petroleum Gas (LPG) Export Facility,Proposed new open-access 2.5 million MTPA LPG export facility.,750.0,New proposed project,,Industrial,Oil & Gas,Oil and Gas Extraction,6. North Coast,Prince Rupert,Trigon Pacific Terminals Ltd.,,Proposed,Consultation/Approvals,Mining & Oil & Gas Extraction,False,False,False,False,False,False,,False,False,,,,,2026-07-01,2029-10-01,,,,,,,2025-03-01,2025-03-01
4836,Brewster Wind Farm,Proposed 200 MW wind energy project with 36 turbines to be located near Campbell River. Project was selected for a power purchase agreement in the 2024 BC Hydro clean call for power.,600.0,,,Infrastructure,Utilities,Utilities,1. Vancouver Island/Coast,Campbell River,Capstone Infrastructure Corp.,,Proposed,,Utilities (incl sewage treatment),False,False,False,False,False,False,,False,True,Wei Wai Kum First Nation,,275.0,,,2030-10-01,,,,,,,2024-12-01,2025-03-01
4834,Aspen Point Program,"Project to include expansion of the T-North section of the Westcoast connector with 18 km of new pipeline segments that will add 535 MMcf/d transportation capacity. Looping of the existing Aitken Creek pipeline with a 9 km section of 24' pipeline, looping of the Fort St. John mainline with an 8 km section of 36' pipeline, and 1 km of 30' pipeline to connect the Wochiigii Compressor Station to the existing Alberta Mainline. Infrastructure upgrades will include installation of new electric compressors at the existing compressor stations. Project has received Canadian Energy Regulators (CER) approval in Dec 2024.",1200.0,,,Industrial,Oil & Gas,Liquefied Natural Gas - Natural Gas Pipeline,6. North Coast,Prince Rupert,Westcoast Energy Inc.,,Proposed,Consultation/Approvals,Transportation & Warehousing,False,False,False,False,False,False,,False,False,,,,,2025-04-01,2026-10-01,,,,,,,2024-12-01,2025-03-01
4797,UBC Student Housing Complex,"Redevelopment of the St. John's College site with 1,508 student beds (1,333 new graduate student beds and 175 replacement beds) in 5 buildings up to 18 stories. Project will include a 400-seat dining hall and a 37 space childcare facility. Funding will be provided by the provincial government ($300 million), and the University of British Columbia ($260 million).",560.0,,,Institutional,Education,Educational Services,2. Mainland/Southwest,Vancouver,University of British Columbia,,Proposed,Consultation/Approvals,Public Services,True,True,False,False,False,True,LEED gold,False,False,,,,,2026-10-01,2029-07-01,,,,,(604) 731-3103,,2024-09-01,2025-03-01
4754,Highland Valley Mine Life Extension,"Proposed copper and molybdenum mine life extension would include facility expansion to produce 178,000 tonnes/day to 2043.",1500.0,,Review,Industrial,Mining,Mining,3. Thompson-Okanagan,Logan Lake,Teck Highland Valley Copper Partnership,,Proposed,Tender/Preconstruction,Mining & Oil & Gas Extraction,False,False,False,False,False,False,,False,False,,,1250.0,200.0,2026-10-01,2028-10-01,,,50° 30ʹ 25ʺ N,121° 04ʹ 49ʺ W,,,2024-06-01,2025-03-01
4743,Operations and Maintenance Centre #5,Proposed Operations and Maintenance Centre to be located on a 36.5-acre site in Cloverdale.,1000.0,,,Infrastructure,Other Infrastructure,Transportation,2. Mainland/Southwest,Surrey,BC Ministry of Transportation and Transit,,Proposed,Tender/Preconstruction,Transportation & Warehousing,True,True,False,False,False,False,,False,False,,,,,2027-01-01,2028-10-01,49.133665,-122.726658,49° 8' 1.194'' N,122° 43' 35.9688'' W,(604) 453-4500,,2024-06-01,2025-03-01
4755,Highway 1 - Mt. Lehman Road to Highway 11,Highway 1 widening for 8 km from Mt. Lehman Rd to Hwy 11 to include bus lanes and HOV/EV lanes. Replacement of the Peardonville Rd underpass and the Hwy 11 interchange will be included in the project.,2651.0,,,Infrastructure,Roads & Highways,Transportation,2. Mainland/Southwest,Abbotsford,BC Ministry of Transportation and Transit,,Construction started,,Transportation & Warehousing,True,True,False,False,False,False,,False,False,,,,,2024-10-01,2031-10-01,,,,,(604) 456-2420,,2024-06-01,2025-03-01
4710,Highway 1 - 264 Street to Mount Lehman Road,"Highway 1 corridor improvements from 264th St to Mt, Lehman Rd includes replacement of the 264th Street Interchange and Bradner Road Overpass, additional bus lanes and HOV/EV lanes, and Mt. Lehman/ Hwy 1 Interchange.",2340.0,,,Infrastructure,Roads & Highways,Transportation,2. Mainland/Southwest,Langley To Abbotsford,BC Ministry of Transportation and Transit,,Construction started,,Transportation & Warehousing,True,True,False,False,False,False,,False,False,,,,,2024-07-01,2028-10-01,,,,,(604) 456-2420,,2024-03-01,2025-03-01
4671,Prince George to Terrace Capacitors Project,This project is required to increase the transfer capacity of the North Coast bulk transmission system to meet growing customer service requests in the region.,582.0,,,Infrastructure,Utilities,Utilities,6. North Coast,"Vanderhoof, Burns Lake, Terrace",BC Hydro,,Construction started,,Utilities (incl sewage treatment),True,False,False,False,True,False,,False,False,,,,,2023-10-01,2028-10-01,,,,,604) 623-4472   Toll Free: 1-866-647-3334,,2023-12-01,2025-03-01
4616,John Hart Dam Seismic Upgrade Project,"This project will address dam safety risks at the John Hart dam and will significantly improve the overall seismic withstand of the dam structure, the reliability of the spillway gates system, and address inflow imbalance issues between the Ladore dam and John Hart dam.",912.0,,,Infrastructure,Utilities,Utilities,1. Vancouver Island/Coast,Campbell River,BC Hydro,,Construction started,,Utilities (incl sewage treatment),True,False,False,False,True,False,,False,False,,,,,2023-04-01,2029-07-01,,,,,(604) 623-4472   Toll Free: 1-866-647-3334,,2023-06-01,2025-03-01
4609,Simon Fraser University - Medical School,Proposed medical school located at the Surrey Campus.,521.0,,,Institutional,Education,Educational Services,2. Mainland/Southwest,Surrey,Simon Fraser University,,Proposed,Preliminary/Feasibility,Public Services,True,True,False,False,True,False,,False,False,,,,,,,,,,,(604) 291-3394,,2023-06-01,2025-03-01
4473,Fuel Refinery Upgrade,"Proposed refinery expansion and upgrades to produce 700,000 million litres of low-carbon fuels per year by 2026. This project will receive support from the BC Low Carbon Fuel Standard compliance credits.",600.0,,,Industrial,Manufacturing - Petrochemical,Natural Gas Processing,2. Mainland/Southwest,Burnaby,Parkland Corp.,,Proposed,,Mining & Oil & Gas Extraction,False,False,False,False,False,False,,False,False,,,1000.0,,,,,,,,,,2022-06-01,2025-03-01
4380,Surrey Langley Skytrain,Proposed 16 km extension of the Skytrain will include 8 stations from the King George Station to Langley City along the Fraser Hwy.  Request for Proposals (RFP) has resulted in selection of SkyLink Guideway Partners for the design/build contracts.,5996.0,Project started construction,,Infrastructure,Other Transportation,Transportation,2. Mainland/Southwest,Surrey To Langley,BC Ministry of Transportation and Transit,,Construction started,,Transportation & Warehousing,True,True,True,False,False,False,,False,False,,,,,2025-01-01,2029-10-01,,,,,(604) 453-4500,www.surreylangleyskytrain.ca,2021-09-01,2025-03-01
4378,UBC - Medicine 1 Building,"Proposed 421,610 sq ft state-of-the-art medical centre with clinical and laboratory facilities for teaching, research and faculty offices.",567.0,,,Institutional,Education,Educational Services,2. Mainland/Southwest,Vancouver,University of British Columbia,,Proposed,Preliminary/Feasibility,Public Services,True,False,False,False,True,False,,False,False,,,,,,,,,,,(604) 731-3103,,2021-09-01,2025-03-01
4341,Fording River Extension Project (Castle),Proposal to extend the lifespan of the Fording River Operations by 40 years. Project will expand the mining area south of the current mine and use existing infrastructure. An application for a 2025 exploration program is under review.,4445.0,,,Industrial,Mining,Mining,4. Kootenay,Elk Valley,EVR Operations Ltd. (formerly Teck Coal),,Proposed,Preliminary/Feasibility,Mining & Oil & Gas Extraction,False,False,False,False,False,False,,False,True,Ktunaxa Nation,,200.0,,2028-10-01,2031-10-01,50.15445,-114.81111,,,,,2021-06-01,2025-03-01
4305,Cariboo Gold Project,"Proposed underground gold mining project that is expected to produce 4,750 tonnes/day with a mine life of 16 yrs. The project will include infrastructure to facilitate underground crushing, a surface concentrator, and upgrade processing facilities at the existing Quesnel River Mill. Project has been granted an operating permit under the Mines Act in Late 2024.",918.0,,Certified,Industrial,Mining,Mining,5. Cariboo,Wells,Barkerville Gold Mines Ltd.,,Proposed,Permitting,Mining & Oil & Gas Extraction,False,False,False,False,False,False,,False,False,,,634.0,,,,,,,,(604) 669-6463,,2021-03-01,2025-03-01
4306,Eskay Creek Mine Revitalization,Development of a former open pit gold mine is in definition and exploration phases. A feasibility study completed in Sep 2022. The project will undergo the federal impact assessment process.,713.0,,Pre-application,Industrial,Mining,Mining,7. Nechako,Dease Lake,Skeena Resources Ltd.,,Proposed,Consultation/Approvals,Mining & Oil & Gas Extraction,False,False,False,False,False,False,,False,True,Tahltan Nation,,,250.0,2025-07-01,2026-10-01,,,,,,,2021-03-01,2025-03-01
4307,Red Chris Mine Expansion,An exploration decline is proposed for the mine ($135 million) that will provide an updated resource evaluation and feasibility study. A proposal to transition from open pit mining to an underground method called block caving will be open for feedback in Early 2025.,2600.0,,Amendment Application,Industrial,Mining,Mining,6. North Coast,Iskut,Newcrest Red Chris Mining Ltd.,,Proposed,Consultation/Approvals,Mining & Oil & Gas Extraction,False,False,False,False,False,False,,False,True,Tahltan Nation,Located on Traditional Territory,3047.0,,2025-10-01,2032-10-01,,,"57° 43’ 57.8"" N","129° 46’ 3.5"" W",,,2021-03-01,2025-03-01
4319,Northwest Langley Wastewater Treatment Plant Expansion,"Phased project to expand plant capacity, meet seismic safety needs and exceed wastewater treatment standards with a tertiary treatment system for the Township of Langley, Maple Ridge, Pitt Meadows and North Surrey, The project will utilize a new pump station and storage tank located in Maple Ridge, and two pipelines that extend under the Fraser River to the treatment plant expansion and outfall pipe in Langley.",2300.0,,,Infrastructure,Utilities,"Water, Sewage, and Other Systems",2. Mainland/Southwest,Langley,Township of Langley,,Proposed,Tender/Preconstruction,Utilities (incl sewage treatment),True,False,False,True,False,False,,False,False,,,,,2027-01-01,2030-10-01,,,,,604 432-6200 (Metro Vancouver),,2021-03-01,2025-03-01
4296,McCallum Road Mixed- Use Development,Mixed-use development of 400-units residential and commercial space located at 790 McCallum Rd.,600.0,,,Residential,Mixed use,Mixed use - Residential/Commercial/Retail/ Industrial,1. Vancouver Island/Coast,Langford,,,Construction started,,Residential/Commercial,False,False,False,False,False,False,,False,False,,,,,2023-01-01,,48.457378,-123.505617,48° 27' 26.5608'' N,123° 30' 20.2212'' W,,,2020-12-01,2025-03-01
4255,University Hospital of Northern British Columbia (UHNBC) Patient Care Tower (Phase 2),Proposed new 11-storey acute care tower will include a cardiac care unit. The tower will be located on the southeast corner of the UHNBC site.,1579.0,,,Institutional,Health,Health Care and Social Assistance,5. Cariboo,Prince George,University Hospital of Northern British Columbia (UHNBC),,Proposed,Tender/Preconstruction,Public Services,True,True,False,False,False,True,,True,False,,,,,2026-10-01,2031-07-01,53.91193,-122.764476,53° 54' 42.948'' N,122° 45' 52.1136'' W,,,2020-09-01,2025-03-01
4206,Expo and Millennium Upgrade Program,Upgrades and expansion of Expo and Millennium SkyTrain facilities and systems and purchase of over 200 new SkyTrain cars.,2800.0,,,Infrastructure,Roads & Highways,Transportation,2. Mainland/Southwest,Metro Vancouver,BC Ministry of Transportation and Transit,,Construction started,,Transportation & Warehousing,True,False,True,False,True,False,,False,False,,,,,2020-07-01,2028-01-01,,,,,(250) 426-1500,,2020-03-01,2025-03-01
4213,Tilbury Phase 2 LNG expansion project,"Phase 2 expansion includes a 162,000 cubic metre tank that would triple the current storage capacity and an increased LNG liquefaction capacity to 3.5 million tonnes/yr.",3500.0,,Review,Industrial,Oil & Gas,Liquefied Natural Gas,2. Mainland/Southwest,Delta,Fortis BC Inc.,,Proposed,Preliminary/Feasibility,Mining & Oil & Gas Extraction,False,False,False,False,False,False,,False,False,,,,,2025-04-01,2028-10-01,49.14244,-123.03416,49° 8' 32.784'' N,123° 2' 2.976'' W,(604) 576-7536,,2020-03-01,2025-03-01
4195,Inglewood Care Centre Redevelopment,Phased redevelopment of a 230-unit care centre at 725 Inglewood Ave. Phase 2 will include 120 additional suites and possible future expansion of services on the site. Project will be a BC Housing partnership with Baptist Housing Society and Vancouver Coastal Health. Rezoning required.,500.0,,,Residential,Primarily residential - Single use,Social Housing,2. Mainland/Southwest,West Vancouver,BC Housing,,Proposed,Permitting,Residential/Commercial,True,True,False,False,False,False,,False,False,,,,,,,49.33489,-123.13555,49° 20' 5.604'' N,123° 8' 7.98'' W,(604) 456-8895,www.renewinglewood.ca,2020-03-01,2025-03-01
4173,CANXPORT (formerly Ridley Island Export Logistics Platform),Phased project to construct a large scale loading and storage platform ($250 million) for transloading bulk commodities to containers for export. The platform will be fully integrated with technology to support current and future port services. The project will receive $49.85 million from the federal government. The Trigon Pacific Terminals Berth Two Beyond Carbon project ($173 million) is underway and will increase capacity to 33.5 million tonnes annually. Funding will be provided by the National Trade Corridors Fund.,750.0,,,Infrastructure,Other Transportation,Port and Harbour Facilities,6. North Coast,Prince Rupert,Prince Rupert Port Authority,,Construction started,,Transportation & Warehousing,True,False,True,False,False,False,,False,False,,,200.0,300.0,2022-01-01,2026-10-01,,,,,(250) 627-8899,,2019-12-01,2025-03-01
4171,Frontier NGL Plant and Pipeline Project,"Proposed project west of Chetwynd for a straddle plant, an initiating pump station and a 130 to 170 km of 16-inch pipeline to carry natural gas liquids (NGL) to a rail loading facility south of Fort St John. The plant would extract  NGL at a rate of 1.5 bcf/d and transport for further processing. Project is in front-end engineering design (FEED) stages.",2500.0,,Early Engagement,Industrial,Oil & Gas,Natural Gas Pipeline,8. Northeast,Chetwynd,Enbridge Frontier Inc.,,Proposed,,Transportation & Warehousing,False,False,False,False,False,False,,False,False,,,,,,,,,,,,,2019-12-01,2025-03-01
4167,Senakw Housing Project,"Development of 6,000 units of mixed residential and affordable rental housing in 11 towers up to 56 storeys.",3000.0,,,Residential,Primarily residential - Single use,Residential,2. Mainland/Southwest,Vancouver,Westbank Projects/ Squamish Nation,Revery Architecture,Construction started,,Residential/Commercial,False,False,False,False,False,False,,False,True,Squamish Nation,Project partner,,,2021-10-01,2026-10-01,,,,,(604) 685-8986,,2019-12-01,2025-03-01
4033,Annacis Island Wastewater Treatment Plant Upgrades,"Plant upgrades to include infrastructure and equipment to expand wastewater treatment capacity, backup power and seismic improvements. Phased projects include new outfall pipeline. wastewater treatment equipment retrofit, laboratory and supporting structures, expecting to complete in stages to late 2029. Regional biosolids dryer and new digester expected to complete 2033.",1970.0,,,Infrastructure,Utilities,"Water, Sewage, and Other Systems",2. Mainland/Southwest,Delta,Corporation of Delta,,Construction started,,Utilities (incl sewage treatment),True,False,False,True,False,False,,False,False,,,,,2019-04-01,2023-10-01,49.16409,-122.94908,49° 9' 50.724'' N,122° 56' 56.688'' W,604 432-6200 (Metro Vancouver),,2018-12-01,2025-03-01
4026,Fairview Container Terminal Expansion - Phase 2B,"Container port expansion to increase capacity to 1.8 million TEU's, Phase 2B will include storage yard increase to 41 hectares and the addition of 2 gantry cranes. Phase 2B Stage 1B is in development.",600.0,,,Infrastructure,Other Transportation,Port and Harbour Facilities,6. North Coast,Prince Rupert,Prince Rupert Port Authority/ DP World,,Construction started,,Transportation & Warehousing,False,False,False,False,False,False,,False,False,,,300.0,,2020-10-01,2025-04-01,54.28646,-130.35684,"54° 17' 11.26"" N","130° 21' 24.62"" W",(250) 627-8899 (Prince Rupert Port Authority),,2018-12-01,2025-03-01
4020,Ridley Island Energy Export Facility,"Proposed liquids storage and export facility located on Ridley Island. The project will include containment and safety systems for a capacity of 90,000 cubic metres of LPG, 260,000 cubic metres of CPP and 220,000 cubic metres of methanol. Final Investment Decision stage in progress.",750.0,,Certified,Industrial,Oil & Gas,Liquefied Natural Gas,6. North Coast,Prince Rupert,Vopak Development Canada Inc./ AltaGas,,Proposed,Consultation/Approvals,Mining & Oil & Gas Extraction,False,False,False,False,False,False,,False,False,,,300.0,50.0,,,54.22148,-130.316,"54° 13' 17.33"" N","130° 18' 57.6"" W",,,2018-09-01,2025-03-01
3974,Cowichan District Hospital Replacement,"Cowichan District Hospital Replacement. The 46,000 sq m building will be built in phases and include 204 inpatient beds, operating rooms and modern diagnostic facilities.",1446.0,,,Institutional,Health,Health Care and Social Assistance,1. Vancouver Island/Coast,Duncan,Vancouver Island Health Authority,,Construction started,,Public Services,True,True,False,False,True,True,LEED gold,False,False,,,,,2023-04-01,2027-10-01,,,,,(250) 830-6953,,2018-09-01,2025-03-01
3975,Dawson Creek Hospital,Development of a 70-bed Dawson Creek Hospital has received approval from the Province. The new facility will include an emergency department and laboratory. The design build contract has been  awarded to Graham Design Builders LP.,590.0,,,Institutional,Health,Health Care and Social Assistance,8. Northeast,Dawson Creek,Northern Health Authority,,Construction started,,Public Services,True,True,False,False,True,True,LEED gold,False,False,,,,,2023-10-01,2027-10-01,,,,,(250) 649-7542,,2018-09-01,2025-03-01
3922,Union Bay Estates,"Proposed 346 hectare residential and resort development with 2,949-units mixed residential, 2 hotels, 375,000 sq ft of commercial space and a marina. The project is expected to be developed over 20 years and will include 50 hectares of park with forest trails and beachfront. In Dec 2017, a revised Master Development Agreement received approval.",2000.0,,,Commercial,Accommodation,Resort/Residential,1. Vancouver Island/Coast,Union Bay,Kensington Union Bay Properties Ltd.,,Proposed,Consultation/Approvals,Residential/Commercial,False,False,False,False,False,False,,False,True,K'omoks First Nation,Impact Benefit Agreement,,,,2038-10-01,49.579689,-124.8841019,"49° 34' 46.88"" N","124° 53' 2.77"" W",,www.union-bay.com,2018-03-01,2025-03-01
3912,Surrey Hospital,"New 890,000 sq ft hospital located in Cloverdale. Project will include 168-beds in an 11-storey building with an emergency department, outpatient services and a BC Cancer Centre. Ellis-Don has been selected for the design-build contract.",2881.0,,,Institutional,Health,Health Care and Social Assistance,2. Mainland/Southwest,Surrey,Fraser Health Authority,,Construction started,,Public Services,True,True,False,False,True,True,LEED,False,False,,,,,2023-07-01,2029-04-01,49.10172,-122.72354,49° 6' 6.192'' N,122° 43' 24.744'' W,(604) 450-7881,,2018-03-01,2025-03-01
3765,Royal Inland Hospital Patient Care Tower,"A newly constructed 9-storey, 26,723 m2 building that includes 2 below grade levels and a roof top helipad and provides 3 floors (30 beds/floor) of inpatient beds, including 30 mental health beds. The PCT construction has completed. Phase 2 is ongoing, including emergency department expansion, and pediatric unit renovations.",490.0,,,Institutional,Health,Health Care and Social Assistance,3. Thompson-Okanagan,Kamloops,Interior Health Authority,,Construction started,,Public Services,True,True,False,False,True,True,LEED gold,False,False,,,2432.0,,2018-10-01,2027-04-01,50.671417,-120.33402,"50° 40' 17.1"" N","120° 20' 2.49"" W",(250) 354-3030,,2017-03-01,2025-03-01
3671,Broadway Subway Project,5.7 km extension to Millennium Line SkyTrain from VCC-Clark Station to Arbutus - includes 0.7 km of elevated guideway and 5 km tunnelled.,2954.0,,,Infrastructure,Roads & Highways,Transportation,2. Mainland/Southwest,Vancouver,BC Ministry of Transportation and Transit,,Construction started,,Transportation & Warehousing,True,True,True,True,False,False,,False,False,,,,,2021-04-01,2026-10-01,,,,,(604) 453-4500,www.broadwaysubway.ca,2016-09-01,2025-03-01
3409,Ksi Lisims LNG,Proposed liquefied natural gas facility located on Treaty Lands in Portland Canal. Project would receive gas from Prince Rupert Gas Transmission Project (see ID #3070).,10000.0,,Review,Industrial,Oil & Gas,Liquefied Natural Gas,6. North Coast,Nasoga Gulf,Nisga’a Nation/ Rockies LNG LP/ Western LNG,,Proposed,Preliminary/Feasibility,Mining & Oil & Gas Extraction,False,False,False,False,False,False,,False,True,Nisga’a First Nation,,,,,,54.901569,-130.072604,"54° 54' 5.65"" N","130° 4' 21.36"" W",,www.nisgaanation.ca/opportunities/LNG,2016-06-01,2025-03-01
2981,Burnaby Hospital Renewal,"Burnaby Hospital renewal will include a new energy centre and renovations to support buildings. Phase 1 six-storey patient care tower, will have 83 beds in  mental health and maternity units. The design/build contract has been awarded to EllisDon Design Build Inc., Construction is expected to complete in 2025. Phase 2 ($1.7 billion) will include a 160-bed patient care tower with a new cancer centre and expanded emergency unit. Phase 2 is expected to commence construction in late 2025.",2400.0,,,Institutional,Health,Health Care and Social Assistance,2. Mainland/Southwest,Burnaby,Fraser Health Authority,Parkin Architects Western Ltd.,Construction started,,Public Services,True,True,False,False,True,True,LEED,False,False,,,,,2021-07-01,2030-10-01,49.249829,-123.015914,49° 14' 59.38'' N,123° 0' 57.29'' W,(604) 587-4600,,2016-06-01,2025-03-01
3630,Richmond Hospital New Patient Care Tower,"The phased Patient Care Centre will include a nine-storey North tower replacement with a state-of-the-art emergency department and intensive care unit, and renovations to the existing South Tower, Phase 1 included cancer clinic relocation and building renovations. Phase 2 includes a new emergency department and Phase 3 will be the renovation of the south tower to bring the facility to modern standards. Funding will be provided by the provincial government ($1.889 billion), Vancouver Coastal Health ($30 million) and Richmond Hospital Foundation ($40 million).",1959.0,,,Institutional,Health,Health Care and Social Assistance,2. Mainland/Southwest,Richmond,Vancouver Coastal Health Authority,,Construction started,,Public Services,True,True,False,False,True,True,LEED,False,False,,,1500.0,,2023-10-01,2031-10-01,49.168822,-123.146312,49° 10' 7.76'' N,123° 8' 46.72'' W,(604) 278-9711,,2016-06-01,2025-03-01
3628,Royal Columbian Hospital Redevelopment - Phase 2/3,Redevelopment of Royal Columbian Hospital including a new 388-bed Acute Care Tower to house a new emergency department and combined surgical/interventional suite in Phase 2.  A major renovation of the Health Care Centre and upgrade of support services in Phase 3.,1247.0,,,Institutional,Health,Health Care and Social Assistance,2. Mainland/Southwest,New Westminster,Fraser Health Authority,,Construction started,,Public Services,True,True,False,False,True,True,LEED,False,False,,,5767.0,,2021-01-01,2026-10-01,49.226789,-122.892844,"49° 13' 36.44"" N","122° 53' 34.24"" W",(604) 587-4600,,2016-06-01,2025-03-01
3613,G3 Terminal Vancouver,"Material handling facility will include receiving, storage and shipping of mainly wheat, soybeans, canola, and peas. A railcar receiving facility with rail loop and holding area and an overhead conveyor system will move materials through cleaning, storage, and ship loading structures. The project will include 48 concrete storage silos and dock extension to accommodate 3 articulated booms, improved support buildings,  access roads and transmission system upgrades. Peter Kiewit Sons ULC has been selected for the design-build contract.",600.0,,,Infrastructure,Other Transportation,Port and Harbour Facilities,2. Mainland/Southwest,North Vancouver,G3 Global Holdings,,Construction started,,Transportation & Warehousing,False,False,False,False,False,False,,False,False,,,175.0,60.0,2017-10-01,,49.303946,-123.043298,49° 18' 14.21'' N,123° 2' 35.87'' W,(604) 985-7761 (North Vancouver City),,2016-03-01,2025-03-01
3584,Groundhog Project Anthracite Coal Mine,"Proposed 1,616 hectare underground anthracite coal project includes several mine sites, rail link spur and resource road to connect to port facilities in Stewart. Pre-feasibility study estimates a 5.4 Mtpa resource over a 38 yr mine life. Exploration and testing continues through 2018.",600.0,,Not Required,Industrial,Mining,Mining,7. Nechako,Smithers Area,Atrum Coal,,Proposed,Preliminary/Feasibility,Mining & Oil & Gas Extraction,False,False,False,False,False,False,,False,True,Gitxsan First Nation,Project located on territory.,,,,,56.867,-128.267,"56° 52' 1.2"" N","128° 16' 1.2"" W",,www.atrumcoal.com,2015-12-01,2025-03-01
3582,Northeast False Creek and Viaduct Replacement Plan,"Proposal to replace the Georgia and Dunsmuir St viaducts to include a 2,500 unit residential neighbourhood in False Creek, and a 13-acre park and social housing. An at grade street network will replace the viaducts. Preliminary development plan has been approved by council in Aug 2020.",1700.0,,,Residential,Primarily residential - Single use,Residential/Commercial,2. Mainland/Southwest,Vancouver,City of Vancouver,,Proposed,Permitting,Residential/Commercial,True,False,False,True,False,False,,False,False,,,,,2025-04-01,2035-10-01,,,,,(604) 873-7011 (Vancouver City),,2015-12-01,2025-03-01
3424,Sinclair Centre Redevelopment,"Redevelopment of Sinclair Centre bounded by West Hastings, Granville, Cordova and Howe Sts. The proposed redevelopment of the 4-building complex will retain heritage components and include a 29-storey office tower.",500.0,,,Institutional,Government buildings,Public Administration,2. Mainland/Southwest,Vancouver,Government of Canada,,Proposed,Preliminary/Feasibility,Public Services,True,False,True,False,True,False,,False,False,,,,,2025-04-01,2029-10-01,49.28604,-123.113844,49° 17' 9.74'' N,123° 6' 49.84'' W,(604) 873-7276 (Vancouver City),,2015-06-01,2025-03-01
3383,Sundance Clean Methanol Refinery,Proposal to build a natural gas to clean methanol refinery on a 1055 acre site near Chetwynd. A low carbon gas plant will be developed on the site (see project ID #2628).,1500.0,,,Industrial,Manufacturing - Petrochemical,Petrochemical Manufacturing,8. Northeast,Chetwynd,Canadian Methanol Corp.,,Proposed,Permitting,Manufacturing,False,False,False,False,False,False,,False,False,,,,,,,55.698147,-121.629689,"55° 41' 53.33"" N","121° 37' 46.88"" W",(250) 655-0330,www.canadianmethanol.com,2015-03-01,2025-03-01
3371,Cedar LNG,"Proposed LNG processing facility to be developed at three sites in the Douglas Channel, Haisla project lands. Cedar 1, Cedar 2 and Cedar 3 will have a capacity of 14.5 million tonnes/year. An application for an export license has been approved by the National Energy Board. A Financial Investment Decision was reached in Jun 2024, pre-construction and site clearing taking place in late 2024.",5500.0,,Certified,Industrial,Oil & Gas,Liquefied Natural Gas,6. North Coast,Kitimat,Cedar LNG Export Development Ltd.,,Proposed,Tender/Preconstruction,Mining & Oil & Gas Extraction,False,False,False,False,False,False,,False,True,Haisla First Nation,Project partner,500.0,100.0,2025-07-01,2028-10-01,53.92541,-128.727915,"53° 55' 31.48"" N","128° 43' 40.49"" W",(250) 632-8900 (District of Kitimat),www.cedarlng.com/project,2015-03-01,2025-03-01
3375,Red Willow Wind Farm,"200 MW wind energy facility located 40 km southeast of the District of Tumbler Ridge, would include new access roads, a 230 kv transmission line will connect to the Quintette Substation.",480.0,,Review,Infrastructure,Utilities,Utilities,8. Northeast,Tumbler Ridge,Red Willow Wind LP,,Proposed,Consultation/Approvals,Utilities (incl sewage treatment),False,False,False,False,False,False,,True,True,Lheidli-T’enneh First Nation,Project located on traditional territory.,300.0,8.0,,,54.808663,-120.375011,"54° 48' 31.19"" N","120° 22' 30.04"" W",(855) 604-6403,www.boralex.com/projects/redwillow,2015-03-01,2025-03-01
3306,Pacific Future Energy Refinery,"Bitumen refinery proposed for the North Coast will be built in phases, each processing 200,000 barrels/day to a total of 1,000,000 barrels/day on completion. A new rail terminal and rail connection will be included along with storage and support buildings. The site selected is called Dubose Flats, located between Terrace and Kitimat. A project description has been submitted to the federal and provincial environmental assessment agencies.",11000.0,,Pre-application,Industrial,Manufacturing - Petrochemical,Petrochemical Manufacturing,6. North Coast,Kitimat,Pacific Future Energy Corp.,,Proposed,Preliminary/Feasibility,Manufacturing,False,False,False,False,False,False,,False,False,,,3500.0,1000.0,,2023-10-01,54.283897,-128.617569,"54° 17' 2.03""N","128° 37' 3.25""W",(604) 559-3611,,2014-09-01,2025-03-01
3247,Valemount Glacier Destination Resort,"Proposed sight-seeing and year round destination ski resort on Mt. Arthur Meighen near Valemount. A final phased master includes 4,997 ha Controlled Recreation Area, lifts from the base of Mt Trudeau to Mt Arthur Meighen and McLennan Glacier, and a lift to Twilight Glacier. Ski runs and lifts will be added over three phases of development, as well as a 2,000 bed resort village and day lodge. The Province has approved a Master Development Agreement for the resort.",800.0,,,Commercial,Accommodation,Resort,5. Cariboo,Valemount,Valemount Glacier Destinations,Pheidias Project Management Corp. & Oberti Resort Design,Proposed,,Residential/Commercial,False,False,False,False,False,False,,False,True,Simpcw First Nation,,800.0,,,,52.82014,-119.39148,"52° 49' 12.5"" N","119° 23' 29.33"" W",(250) 566-4435 (Valemount Village),,2014-03-01,2025-03-01
3203,"Port Alberni_x000D_
Transshipment Hub (PATH)",Proposed expansion of port facilities to include a deep-sea shipping terminal.,1600.0,,,Infrastructure,Other Transportation,Port and Harbour Facilities,1. Vancouver Island/Coast,Port Alberni,Port Alberni Port Authority,,Proposed,Preliminary/Feasibility,Transportation & Warehousing,False,False,False,False,False,False,,False,True,Huu-ay-aht First Nation,,1000.0,300.0,,,49.2294884,-124.8106308,"49° 13' 46.16"" N","124° 48' 38.27"" W",(250) 723-5312,www.portalberniportauthority.ca/,2013-12-01,2025-03-01
3176,Woodfibre LNG Project,"LNG facility located on former 86 hectare Woodfibre pulp mill, which has been granted a certificate of compliance for site remediation. A 25 year licence to export natural gas has been approved by the National Energy Board. Squamish Nation Council approved an Environmental Certificate. KBR Inc has been awarded a Front-end Engineering and Design (FEED) contract in Mar 2016. Financial Investment Decision (FID) has been taken in Nov 2016. Geotechnical surveys conducted Dec 2017. Site cleanup and demolition of pulp mill occurred Summer 2018. Application submitted in Jun 2018 to the BC Oil and Gas Commission. Final Investment Decision (FID) expected in Summer 2021, with site remediation underway in Fall 2021. The site preparation continues in 2024 with the arrival of the modular facility components in Early 2025.",6800.0,Project started construction,Extended,Industrial,Oil & Gas,Liquefied Natural Gas,2. Mainland/Southwest,Squamish,Woodfibre Natural Gas Ltd,,Construction started,,Mining & Oil & Gas Extraction,False,False,False,False,False,False,,False,True,Squamish First Nation,,650.0,100.0,2025-01-01,2027-10-01,49.667027,-123.256746,"49° 40' 01.299"" N","123° 15' 24.286"" W",(778) 875-1613,www.woodfibrelng.ca,2013-09-01,2025-03-01
3182,Sooke Wind Project,Proposed 300 MW wind farm in the Sooke area with 100 to 150 turbines. Project placed on hold.,750.0,,,Infrastructure,Utilities,Utilities,1. Vancouver Island/Coast,Sooke,TimberWest Forest Corp./EDP Renewables,,On hold,,Utilities (incl sewage treatment),False,False,False,False,False,False,,False,False,,,350.0,50.0,,,48.41121,-123.79417,"48° 24' 40.36"" N","123° 47' 39.01"" W",(604) 654-4600,,2013-09-01,2025-03-01
3172,New Monaco Mixed-Use Development,"A proposed mixed use development, to be constructed over 20 years, with a diversity of housing types and commercial opportunities. Located on a 125 acre parcel between The Okanagan Connector and Hwy 97, it is proposed that the development will be comprised of approximately 255,000 sq ft of retail and office space and 2800 units (maximum).",1000.0,,,Residential,Mixed use,Mixed use - Residential/Commercial/Retail/ Industrial,3. Thompson-Okanagan,Peachland,AMC Developments,,Proposed,Consultation/Approvals,Residential/Commercial,False,False,False,False,False,False,,False,False,,,,,,,49.80023,-119.6985092,"49° 48' 0.83"" N","119° 41' 54.63"" W",(250) 767-2647 (Peachland Municipality),www.newmonaco.ca,2013-09-01,2025-03-01
3166,North Montney Mainline,305 km extension to the Groundbirch pipeline that will connect to the Prince Rupert Gas Transmission project (ID #3070). The project will include necessary metering and compression facilities. NOVA Gas Transmission Ltd. is a subsidiary of TransCanada Corp.,1700.0,,Certified,Industrial,Oil & Gas,Natural Gas Pipeline,8. Northeast,Peace River,NOVA Gas Transmission Ltd.,,Construction started,,Transportation & Warehousing,False,False,False,False,False,False,,False,False,,,,,2020-01-01,,,,,,(403) 920-6098,,2013-09-01,2025-03-01
3066,Taylor Wind Project,Proposed 40 turbine wind energy project of 200 MW to be located 10 km south of the District of Taylor. Project was selected in the 2024 BC Hydro clean call for power.,600.0,,Pre-application,Infrastructure,Utilities,Utilities,8. Northeast,Taylor,Taylor Wind Project Ltd.,,Proposed,Consultation/Approvals,Utilities (incl sewage treatment),False,False,False,False,False,False,,True,True,Saulteau First Nations,,150.0,12.0,,2031-10-01,56.0205,-120.7348,"56° 1' 13.8"" N","120° 44' 5.28"" W",(250) 789-3392 (District of Taylor),,2012-12-01,2025-03-01
3067,Sundance Wind Project,Proposed 250 MW wind energy project located 20 km north of the Tumbler Ridge. Project may be submitted into a future BC Hydro clean call for power. Project has been put on hold until demand increases.,600.0,,Pre-application,Infrastructure,Utilities,Utilities,8. Northeast,Tumbler Ridge,Sundance Wind Project Ltd.,,On hold,,Utilities (incl sewage treatment),False,False,False,False,False,False,,True,False,,,250.0,10.0,,,55.3547,-121.0845,"55° 21' 16.92"" N","121° 5' 4.2"" W",,,2012-12-01,2025-03-01
3070,Prince Rupert Gas Transmission Project,"Project to build, own and operate a 900 km natural gas pipeline from Fort St. John to proposed Pacific Northwest LNG export facility (cancelled project ID #3131) at Port Edward, near Prince Rupert. The projects Environmental Assessment certificate has been extended to Nov 2024. 11 permits for pipeline and compressor stations have been issued by the BC Oil and Gas Commission. Project agreements with 13 First Nations are in place. Project options are in review.",5000.0,,Extended,Industrial,Oil & Gas,Liquefied Natural Gas - Natural Gas Pipeline,6. North Coast,Prince Rupert,TransCanada Corp.,,Proposed,,Transportation & Warehousing,False,False,False,False,False,False,,False,True,"Doig River, Gitanyow, Gitxaala, Gitxsan, Halfway River, Kitselas, Lake Babine Nation, Lax Kw’alaams, McLeod Lake Band, Metlakatla First Nation, Nisga’a Lisims Government, Takla Lake, Tl’azt’en Nation and Yekooche First Nations",Benefits Agreements and Impact Benefit Agreements,2000.0,40.0,,,,,,,(403) 920-2000,www.princerupertgas.com,2012-12-01,2025-03-01
3060,Fraser River Tunnel Project,"Proposed replacement of the Massey Tunnel and upgrades and associated infrastructure. Phase 1 would include improvements to the highway approaches and Phase 2 will include an 8 lane immersed tube tunnel. Request for Qualifications (RFQ) has been released to selected teams; Cross Fraser Partnership, Daewoo-GS JV, and Fraser River Tunnel Constructors.",4148.0,,Pre-application,Infrastructure,Roads & Highways,Transportation,2. Mainland/Southwest,Delta To Richmond,,,Proposed,Consultation/Approvals,Transportation & Warehousing,True,True,False,False,False,False,,False,False,,,,,2026-10-01,2030-10-01,49.121767,-123.075704,"49° 07' 18.36"" N","123° 04’ 32 32"" W",,www.engage.gov.bc.ca/masseytunnel/overview,2012-12-01,2025-03-01
3064,Kitimat Clean Oil Refinery,"Proposed refinery located 13 km north of Kitimat will process an estimated 400,000 barrels/day of Alberta oil sands bitumen refined to produce diesel, gasoline, and aviation fuel. The refined products will be stored and delivered via 23 km of 18"" fuel delivery pipeline to a proposed marine terminal on the Douglas Channel, 12 km south of Kitimat.",22000.0,,Pre-application,Industrial,Manufacturing - Petrochemical,Petrochemical Manufacturing,6. North Coast,Kitimat,Kitimat Clean Ltd.,,Proposed,Consultation/Approvals,Manufacturing,False,False,False,False,False,False,,False,False,,,6000.0,2500.0,,2029-10-01,54.22099,-128.6645,"54° 13' 15.56"" N","128° 39' 52.2"" W",,www.kitimatclean.ca,2012-12-01,2025-03-01
3049,Lougheed Town Centre Redevelopment,"Phased redevelopment of the Lougheed mall into a regional town centre to include 23 residential towers, located on Lougheed Hwy and Austin Ave. The commercial buildings and tower podiums will include commercial space. Rezoning is required.",7000.0,,,Commercial,Retail,Retail/Residential,2. Mainland/Southwest,Burnaby,Shape Properties,,Construction started,,Residential/Commercial,False,False,False,False,False,False,,False,False,,,,,2020-10-01,2025-10-01,49.2521,-122.8959,"49° 15' 7.55"" N","122° 53' 45.17"" W",(604) 681.2358,www.lougheedtowncentre.com,2012-09-01,2025-03-01
3043,Kemess Underground Copper-Gold Mine,"Underground coal mine located 5 km north of the former Kemess South mine. Estimated annual mine production of 95,000 oz gold and 41.4 million lbs of copper over a 12-year mine life.",524.0,,Certified,Industrial,Mining,Mining,8. Northeast,Chetwynd,Northgate Minerals Corp.,,Construction started,,Mining & Oil & Gas Extraction,False,False,False,False,False,False,,False,False,,,1127.0,240.0,2023-01-01,,56.976605,-126.761678,"56° 58' 35.78"" N","126° 45' 42.04"" W",(647) 260-8880,www.auricometals.ca/kemess,2012-09-01,2025-03-01
3028,Westcoast Connector Gas Transmission Project,"Proposal for a multi-pipeline natural gas corridor from the Cypress area in northeast B.C. to serve proposed West Coast LNG exports in the Prince Rupert area. An Environmental Assessment Certificate has been issued. Approximately 850-kilometres, 48-inch pipelines with a design capacity of up to 8.4 billion cubic feet per day.",6000.0,,Expired,Industrial,Oil & Gas,Liquefied Natural Gas - Natural Gas Pipeline,6. North Coast,Prince Rupert,Enbridge Inc.,,Proposed,,Transportation & Warehousing,False,False,False,False,False,False,,False,True,"Doig River First Nation, Gitanyow First Nation, Gitxaala First Nation, Kitselas First Nation, Metlakatla First Nation, Takla Lake First Nation",Benefits Agreement,3600.0,60.0,,,,,,,(403) 231-3900,www.enbridge.com,2012-09-01,2025-03-01
3026,Vicarro Ranch Residential Development,"Proposed 1,400-unit residential community on a 160 hectare site near Whatcom Rd and Cassiar Rd. Project will proceed in phases with 264 single family homes, 38 duplex, 229 townhome and 348 condominium units over 5 sub-areas. Official Community Plan amendment (OCP) required.",560.0,,,Residential,Primarily residential - Single use,Residential,2. Mainland/Southwest,Abbotsford,,New Town Planning and Architecture Services,Proposed,Consultation/Approvals,Residential/Commercial,False,False,False,False,False,False,,False,False,,,,,,,49.05924,-122.24384,"49° 3' 33.26"" N","122° 14' 37.82"" W",(604) 853-2281 (City of Abbotsford),,2012-09-01,2025-03-01
2990,Britannia South Mixed-use Development,"Residential neighbourhood located on the former Makin Lands will include a commercial core, community amenities and a marina. OCP amendment is required to allow 3,000 units.",1000.0,,,Residential,Primarily residential - Single use,Residential/Commercial,2. Mainland/Southwest,Squamish,Taicheng Development Corp.,,Proposed,Permitting,Residential/Commercial,False,False,False,False,False,False,,False,False,,,,,,2026-10-01,49.6243591,-123.2061768,"49° 37' 27.69"" N","123° 12' 22.24"" W",(778) 279-7930,,2012-06-01,2025-03-01
2980,St. Paul's Hospital Replacement,"A new acute-care hospital and integrated health campus with capacity for up to 548 beds (115 net new beds) including emergency and critical care, mental health and addictions beds and programs, ambulatory services and outpatient clinics, and a variety of general and specialized care programs. Phase two includes the Clinical Support and Research Centre (CSRC), which will accommodate clinicians and researchers on the campus. The project located on an 18.4-acre site on Station St has received approval of the business plan and funding.",2300.0,,,Institutional,Health,Health Care and Social Assistance,2. Mainland/Southwest,Vancouver,Providence Health Care,Perkins + Will,Construction started,,Public Services,True,True,False,False,True,True,LEED gold,False,False,,,,,2021-01-01,2027-07-01,49.27529,-123.09661,49° 16' 31.044'' N,123° 5' 47.796'' W,(604) 806-8566,www.thenewstpauls.ca,2012-06-01,2025-03-01
2972,International Plaza,"A 4 million sq ft development on 30 hectares located on Bridgeport Rd. Project will include 6 hotels, restaurants, theatres and marina offices. Rezoning is required.",4000.0,,,Commercial,Accommodation,Accommodation/Retail,2. Mainland/Southwest,Richmond,Jingon International Development Group,,Proposed,Tender/Preconstruction,Residential/Commercial,False,False,False,False,False,False,,False,False,,,,,,,49.192007,-123.105506,"49° 11' 31.23"" N","123° 6' 19.82"" W",(604) 276-4000 (Richmond City),www.itcrichmond.com,2012-03-01,2025-03-01
2937,LNG Canada Facility,"LNG terminal facility located on the former Methanex facility site. The project will include a gas liquification plant, storage tanks, a marine terminal and a rail yard. Water treatment facility and flare stacks will be constructed on the site. JGC Corp and Flour Corp have been awarded the engineering, procurement and construction contract. An agreement is in place to connect to the BC Hydro power grid. Project has been approved under the Environmental Assessment Act, and by the National Energy Board (NEB) for a 40-yr export licence to replace the current 25-yr licence. Final investment decision was approved in Oct 2018. Extension of Terminal A completed in Dec 2021. Construction is expected to complete Spring 2025..",36000.0,,Certified,Industrial,Oil & Gas,Liquefied Natural Gas,6. North Coast,Kitimat,"Shell Canada Energy, Petronas, PetroChina, Mitsubishi Corp., and Kogas Canada LNG",,Construction started,,Mining & Oil & Gas Extraction,False,False,False,False,False,False,,False,True,Haisla First Nation,Within traditional territory,7500.0,400.0,2018-10-01,2025-04-01,54.029229,-128.68809,"54° 1' 45.22"" N","128° 41' 17.12"" W",(403) 691-3392,www.lngcanada.ca,2011-12-01,2025-03-01
2819,Aley Project,"Proposed 10,000 tonne/day open pit niobium mine is located 140 km north of Mackenzie. Site exploration continues with drilling program. Estimated cost shown includes mine construction, converter and transmission line. Project is in the pre-application phase under the Environmental Assessment Act, which will serve as a substitution of the federal environmental assessment.",870.0,,Pre-application,Industrial,Mining,Mining,5. Cariboo,Mackenzie Region,Taseko Mines Ltd.,,Proposed,Consultation/Approvals,Mining & Oil & Gas Extraction,False,False,False,False,False,False,,False,False,,,1400.0,350.0,,,55.549137,-123.2995614,55° 32' 56.89'' N,123° 17' 58.42'' W,(877) 441-4533,www.tasekomines.com/properties/aley/project-summary,2011-06-01,2025-03-01
2823,Quintette Coal Mine,Open pit coal mine located 20 km south of Tumbler Ridge. The mine was previously in operation from 1982 to 2000. Expansion to bring into production up to 3 million metric tonnes/yr for a 16-year mine life. Preliminary on-site construction was carried out. Site is on Care and Maintenance status. Mines Act Permit amendment granted.,860.0,,,Industrial,Mining,Mining,8. Northeast,Tumbler Ridge,Conuma Resources Ltd.,,On hold,,Mining & Oil & Gas Extraction,False,False,False,False,False,False,,False,False,,,,400.0,,,,,,,,,2011-06-01,2025-03-01
2778,Murray River Coal Project,Underground coal mine with a production capacity of 6 million tonnes annually for an expected 31 yr mine life. Project is located 12 km south of Tumbler Ridge.,668.0,Project started construction,Extended,Industrial,Mining,Mining,8. Northeast,Tumbler Ridge,HD Mining International Ltd.,,Construction started,,Mining & Oil & Gas Extraction,False,False,False,False,False,False,,False,False,,,,,2025-01-01,2030-01-01,55.126784,-120.993032,"55° 7' 36.42"" N","120° 59' 34.92"" W",(604) 697-0118,www.hdminingintl.com/murray-river-project,2011-03-01,2025-03-01
2673,Pattullo Bridge Replacement,"Six-lane bridge replacement of the Pattullo Bridge. Two dedicated bicycle and pedestrian lanes will be included, and improved road connections in New Westminster and Surrey. Fraser Crossing Partners has been selected for the design, build, finance project.",1637.0,,Certified,Infrastructure,Roads & Highways,Transportation,2. Mainland/Southwest,New Westminster,BC Ministry of Transportation and Transit,,Construction started,,Transportation & Warehousing,True,True,False,False,False,False,,False,False,,,,,2020-07-01,2025-10-01,,,,,(604) 453-4500,,2010-09-01,2025-03-01
2704,Burrard Place (formerly Burrard Gateway) Mixed Use Development,"Development located at Hornby and Drake Streets of  775,000 sq ft  will include 23 city lots. 14 lots are owned by Reliance Properties; the site will include two residential towers 35 and 54-storeys (completed). A third 13-storey tower with 146,375 sq ft of office space will include a Toyota Dealership to occupy the first three floors and 5 floors below grade. Initial phases include an office tower and 90,000 sq ft of office space in a 7-storey podium and the 239-unit, 35-storey tower.",500.0,,,Residential,Mixed use,Mixed use - Residential/Commercial/Retail/ Industrial,2. Mainland/Southwest,Vancouver,Reliance Properties Ltd./Jim Pattison Developments Ltd.,,Construction started,,Residential/Commercial,False,False,False,False,False,True,LEED gold,False,False,,,,,2016-10-01,2023-07-01,49.2776,-123.1298,"49° 16' 39.43"" N","123° 7' 47.39"" W",(604) 683-2404,www.burrardplace.ca,2010-09-01,2025-03-01
2625,South Burrard Development,Development of 8 acres under the south end of the Burrard St Bridge will include plans for phased residential and commercial space. Preliminary draft includes 28 and 35 storey residential towers and at least six additional commercial/residential buildings.,1000.0,,,Residential,Mixed use,Mixed use - Residential/Commercial/Retail/ Industrial,2. Mainland/Southwest,Vancouver,Squamish First Nation,,Proposed,,Residential/Commercial,False,False,False,False,False,False,,False,True,Squamish First Nation,,,,,,49.2737007,-123.1424408,"49° 16' 25.32"" N","123° 8' 32.79"" W",(604) 873-7011 (Vancouver City),,2010-06-01,2025-03-01
2612,Avanti Kitsault Mine Project,"Open pit molybdenum mine located 140 km northeast of Prince Rupert. Production of 11,300 tonnes of molybdenum and 1 million ounces of silver are anticipated over a 14 yr mine life. Project has been certified under the Environmental Assessment Act. An agreement has been reached with Nisga'a Nation and a Mines Act permit has been issued. Preconstruction work has completed on site. Project is on care and maintenance.",1000.0,,Certified,Industrial,Mining,Mining,6. North Coast,Alice Arm,Alloycorp Mining Inc.,,On hold,,Mining & Oil & Gas Extraction,False,False,False,False,False,False,,False,True,"Nisga'a Lisims Government,",Impact Benefits Agreement,700.0,350.0,,,55.421944,-129.419444,55°25'19″ N,129°25'10″ W,(416) 847-0376,,2010-06-01,2025-03-01
2628,Sundance Low Carbon Gasoline Refinery,Proposal to build a natural gas to gasoline plant on a 1055 acre site near Chetwynd. A clean methanol refinery will be developed on the site (see project ID #3383).,2500.0,,,Industrial,Manufacturing - Petrochemical,Petrochemical Manufacturing,8. Northeast,Chetwynd,Blue Fuel Energy Corp.,,Proposed,,Manufacturing,False,False,False,False,False,False,,False,False,,,300.0,50.0,,,55.698147,-121.629689,"55° 41' 53.33"" N","121° 37' 46.88"" W",(250) 655-0330,,2010-06-01,2025-03-01
2586,Brentwood Town Centre Redevelopment - The Amazing Brentwood,"Redevelopment of the Brentwood Town Centre will include one million sq ft of additional retail space, an 11 tower residential component and civic plaza.",1300.0,,,Commercial,Retail,Retail/Residential,2. Mainland/Southwest,Burnaby,Shape Properties Corp.,James K. M. Cheng Architects Inc.,Construction started,,Residential/Commercial,False,False,False,False,False,False,,False,False,,,,,2015-07-01,2028-01-01,49.2665291,-122.9985809,"49° 15' 59.5"" N","122° 59' 54.89"" W",(604) 681.2358,www.theamazingbrentwood.com,2010-03-01,2025-03-01
2534,Rocky Creek Wind Energy Project,"Proposed 500 MW wind power project located 80 km southeast of Tumbler Ridge will include over 200 wind turbines, three substations and interconnecting transmission lines. The project area is bordered on the north by Blind Creek, by Sukunka River to the east and south and by Howling Wolves and Watsons Peaks to the west. Project has been withdrawn from Environmental Assessment Act.",1500.0,,Withdrawn,Infrastructure,Utilities,Utilities,8. Northeast,Tumbler Ridge,Bridge Power Holdings/Invenergy LLC,,On hold,,Utilities (incl sewage treatment),False,False,False,False,False,False,,True,False,,,,,,,55.241538,-121.844076,"55° 14' 29.54"" N","121° 50' 38.67"" W",(604) 306-5015,,2009-12-01,2025-03-01
2421,Chu Molybdenum Mine,"Proposed open pit molybdenum mine located southwest of Vanderhoof, is expected to have a production rate of 90,000 tonnes/day over a 20-year mine life. Project has been withdrawn from the Environmental Assessment process, and may be re-entered when market conditions improve.",1040.0,,Withdrawn,Industrial,Mining,Mining,7. Nechako,Vanderhoof,TTM Resources Inc.,,On hold,,Mining & Oil & Gas Extraction,False,False,False,False,False,False,,False,False,,,,,,,53.365,-124.575,"53° 21' 54"" N","124° 34' 30"" W",(604) 685-1144,,2009-06-01,2025-03-01
2326,Snowfield Gold Project,"Proposed 120,000 t/day open pit operation, located 65 km north of Stewart, to include production of Gold-silver doré, copper-gold-silver concentrate, and molybdenum-rhenium concentrate. Project is the subject of a joint engineering study with Seabridge Gold examining economics of operating their KSM Project with Snowfield. Site is on maintenance status, while Pretium concentrates resources on other project sites.",3400.0,,,Industrial,Mining,Mining,6. North Coast,Iskut,Pretium Resources Inc.,,On hold,,Mining & Oil & Gas Extraction,False,False,False,False,False,False,,False,True,"Tahltan Band Council, Iskut Band Council, Tahltan Central Council",,,,,,56.680374,-129.902344,"56° 40' 49.35"" N","129° 54' 8.44"" W",(604) 558-1784,www.pretivm.com,2008-12-01,2025-03-01
2307,Cabin Gas Plant,Facility for processing natural gas from the Horn River Basin at a rate of 5.634 Mmcf/day. Phase 1 of the project completed in Late 2012. Phase 2 is expected to increase the capacity by 400 Mmcf/day.,800.0,,Certified,Industrial,Oil & Gas,Oil and Gas Extraction,8. Northeast,Fort Nelson,Enbridge Inc.,,On hold,,Mining & Oil & Gas Extraction,False,False,False,False,False,False,,False,False,,,267.0,40.0,,,59.230286,-121.67935,"59° 13' 49.03"" N","121˚40'45.66"" W",(403) 231-3900,,2008-12-01,2025-03-01
2337,Iona Island Wastewater Treatment Plant Upgrades,"Proposed primary treatment plant replacement. Upgrades will include secondary and tertiary wastewater treatment expansion, and groundworks improvements. The facility operations will be completed by 2034 and additional digestors will be constructed by 2041.",10400.0,,,Infrastructure,Utilities,"Water, Sewage, and Other Systems",2. Mainland/Southwest,Richmond,Greater Vancouver Regional District,,Proposed,Preliminary/Feasibility,Utilities (incl sewage treatment),True,False,False,True,False,False,,False,True,Musqueam Indian Band,,,,2026-10-01,2041-10-01,49.2194252,-123.2127762,"49° 13' 9.93"" N","123° 12' 45.99"" W",604 432-6200 (Metro Vancouver),,2008-12-01,2025-03-01
2321,King George Station Mixed-Use Development,"Commercial and residential development will include a 70 storey office/residential tower, a 55 storey hotel/office complex and three 40 to 50 storey residential towers. Retail and recreation amenities may include a casino and 1,800 seat show theatre. The project will be located near the King George skytrain station and developed over 4 phases. Phase B, The HUB, includes a 15-storey office tower, 40 and 29 storey condo towers with 112,535 sq ft of retail at ground level. Tether will be a 40-storey tower with 400 rental units.",1600.0,,,Residential,Mixed use,Mixed use - Residential/Commercial/Retail/ Industrial,2. Mainland/Southwest,Surrey,The PCI Group,,Construction started,,Residential/Commercial,False,False,False,False,False,True,LEED gold,False,False,,,,,2014-07-01,2026-10-01,49.183211,-122.844389,"49° 10' 59.56"" N","122° 50' 39.8"" W",(604) 684-1151,,2008-12-01,2025-03-01
2267,Hawkeye Green Energy Grid Project,"Proposed 151 MW hydroelectric project located near the Toba and Jarvis Inlets, will consist of 12 run-of-river sites and a 150 km transmission line. Project is in the pre-application phase under the Environmental Assessment Act.",450.0,,Pre-application,Infrastructure,Utilities,Utilities,1. Vancouver Island/Coast,Powell River,Hawkeye Energy Corp.,,Proposed,Consultation/Approvals,Utilities (incl sewage treatment),False,False,False,False,False,False,,True,False,,,,,,,49.836045,-124.524794,"49° 50' 9.76"" N","124° 31' 29.26"" W",(604) 878-1339,,2008-09-01,2025-03-01
2269,Harper Creek Mine Project,"Proposed copper-gold-silver mine with a capacity of up to 70,000 tonnes/day over an 28 year mine life. Project review under the BC Environmental Assessment Act has terminated. On hold until market conditions become more favourable.",839.0,,Terminated,Industrial,Mining,Mining,3. Thompson-Okanagan,Clearwater,Harper Creek Mining Corp.,,On hold,,Mining & Oil & Gas Extraction,False,False,False,False,False,False,,False,True,Simpcw First Nation/Whispering Pines/Clinton Indian Band,Negotiation Agreement is in place to determine an Accommodation Agreement.,600.0,450.0,,,51.55,-119.7,51° 33’ N,119° 42’ W,(604) 273-5597,www.yellowheadmining.com,2008-09-01,2025-03-01
2245,Kerr - Sulphurets - Mitchell (KSM) Gold/Copper,"Open pit mine project, located approximately 65 km northwest of Stewart, consists of the copper porphyry deposits Kerr, Sulphurets, Mitchell and Iron Cap. Ore production of 80,000 to 120,000 mtpd over 25 years is expected, with 90,000 mtpd for the remainder of a 52 yr mine life. Project has been certified under the BC Environmental Assessment Act and received federal environmental assessment approval. Exploration drilling has confirmed resources. Early stage construction activities completed.",8360.0,,Substanially started,Industrial,Mining,Mining,6. North Coast,Stewart,Seabridge Gold Inc.,,Construction started,,Mining & Oil & Gas Extraction,False,False,False,False,False,False,,False,True,"Nisga'a Nation, Tahltan Band Council, Iskut Band Council, Tahltan Central Council",Impact benefits agreements,1800.0,500.0,2024-07-01,,56.491,-130.293,"56° 29' 27.6"" N","130° 17' 34.8"" W",(416) 367-9292,www.seabridgegold.net,2008-06-01,2025-03-01
2164,Turnagain Nickel Project Expansion,"Nickel mine located 70 km east of Dease Lake. A 2011 Preliminary Assessment (PA) of the Turnagain deposit indicated initial production of 52 million lbs of nickel and 2.8 million lbs of cobalt per year. A $555 million expansion would increase production to 97 million lbs of nickel and 5.36 million lbs of cobalt for 16 yrs. The ore would be processed through an on-site concentrator and hydrometallurgical process facility that would produce nickel, cobalt and copper precipitation products. The completion of the mine expansion has yet to be determined.",2460.0,,,Industrial,Mining,Mining,7. Nechako,Dease Lake Area,Gigametals Corp.,,Proposed,,Mining & Oil & Gas Extraction,False,False,False,False,False,False,,False,True,"Tahltan Band Council, Iskut Band Council, Tahltan Central Council, Acho Dene Koe First Nation",Benefits Agreement,,,,,58.476,-128.826,"58° 28' 33.6"" N","128° 49' 33.6"" W",(604) 681-2300,http://www.hardcreek.com,2008-03-01,2025-03-01
2122,Sandstone Towne Centre - South Nanaimo Lands,"Proposed new neighbourhood expanding the southern boundary of Nanaimo, to include up to 1 million sq ft of residential/mixed development for 2000 residents on 726 acres. It will also include approx. 1 million sq ft of industrial building space. The project rezoning phase will be followed by development. A new owner is being sought for project development phase.",1000.0,,,Residential,Mixed use,Mixed use - Residential/Commercial/Retail/ Industrial,1. Vancouver Island/Coast,Nanaimo,Northwest Properties,,On hold,,Residential/Commercial,False,False,False,False,False,False,,False,False,,,,,,,49.12183,-124.012001,"49° 7' 18.59"" N","124° 0' 43.2"" W",(604) 299-7517,www.sandstonenanaimo.ca,2007-12-01,2025-03-01
2084,Shelter Bay Residential Neighbourhood,"Proposed development for the west side of Okanagan Lake. The developer is in negotiations with the Westbank First Nations for a 125 year lease that would allow for 1,500 condominium units including highrise towers and a marina.",1000.0,,,Residential,Primarily residential - Single use,Residential,3. Thompson-Okanagan,Westbank First Nation Lands,,,Proposed,Consultation/Approvals,Residential/Commercial,False,False,False,False,False,False,,False,False,,,,,,,49.8777999,-119.5256571,"49° 52' 40.08"" N","119° 31' 32.37"" W",(604) 681-8882,,2007-12-01,2025-03-01
2089,North Shore Wastewater Treatment Plant (formerly Lions Gate Sewerage),Construction of a new secondary sewage treatment plant near Burrard Inlet on the former BC Rail passenger station at McKeen Avenue and West First Street in the District of North Vancouver to replace the existing Lions Gate Primary Treatment plant at the north end of the Lions Gate Bridge. Funding will be provided by the provincial ($193 M) and federal ($212.3M) governments. The pump station and conveyance pipe construction completed in Summer 2022. Phasing and cost allocation will be reviewed in the 2025-2029 Financial Plan.,3860.0,,,Infrastructure,Utilities,"Water, Sewage, and Other Systems",2. Mainland/Southwest,North Vancouver,City of North Vancouver,,Construction started,,Utilities (incl sewage treatment),True,True,True,True,False,True,"LEED gold, Envision gold",False,False,,,,,2018-01-01,2030-01-01,49.316374,-123.109199,49° 18' 58.95'' N,123° 6' 33.12'' W,(604) 985-7761 (North Vancouver City),www.northshorewwtp.ca,2007-12-01,2025-03-01
2086,Vancouver Art Gallery,"Vancouver Art Gallery to be located at Cambie and West Georgia streets. The 7-storey wood structure will include a 350-seat auditorium and a plaza at grade level and will be named Chan Centre for Visual Arts. Project has been approved for a 99 year lease. The provincial government has awarded $50 million in funding, $29.3 from the federal government, $23 million from VAG Board and $185 million from private donors (including $100 million from the Audain family and $40 million from the Chan family). Fundraising of $340 million has been achieved and the project has broken ground in Sep 2023. The project cost increase has determined a review will take place to reduce costs.",600.0,,,Commercial,Recreation,"Arts, Entertainment & Recreation",2. Mainland/Southwest,Vancouver,Vancouver Art Gallery,Herzog & de Meuron and Perkins + Will,Construction started,,Other Services,True,True,True,False,True,True,Passive House,False,False,,,3000.0,1000.0,2023-07-01,2028-10-01,49.2793617,-123.1132431,"49° 16' 45.7"" N","123° 6' 47.68"" W",(604) 873-7276 (Vancouver City),,2007-12-01,2025-03-01
1103,Site C Project,"This project will construct a third dam and hydroelectric generating station on the Peace River approximately seven kilometres southwest of Fort St. John. It will be capable of producing approximately 5,100 gigawatt-hours of electricity annually and 1,150 - 1,230 megawatts of capacity. Site C will provide clean, renewable and cost-effective power in B.C. for more than 100 years. _x000D_
*Planned in-service date for all units. _x000D_
**Site C project anticipated total cost and project cost to date include capital costs, charges subject to regulatory deferral and certain operating expenditures. _x000D_
***The approved project cost estimate (June 2021) is $16 billion with a project in-service date of November 2025 (for the last generating unit). The first, second, third and fourth generating units are in-service in October 2024, December 2024, February 2025 and March 2025 respectively, with all four units ahead of their approved schedule in-service dates. BC Hydro continues to manage the project including commercial negotiations and claims with contractors, commissioning delays, and potential inflationary pressures. The Site C Project continues to work with the Project Advisory Board, Mr. Milburn, Ernst & Young Canada, and the Technical Advisory Board to manage these project risks.",16000.0,,,Infrastructure,Utilities,Utilities,8. Northeast,Fort St. John,BC Hydro,,Construction started,,Utilities (incl sewage treatment),True,False,False,False,True,False,,True,False,,,,,2015-07-01,2025-10-01,,,,,(604) 623-4472   Toll Free: 1-866-647-3334,https://www.sitecproject.com,2007-09-01,2025-03-01
2040,Thunder Mountain Wind Park,Proposed 320 MW wind park project located southeast of Tumbler Ridge. Project has received certification under the Environmental Assessment Act in Dec 2009. All permitting is in place. Project has been put on hold until demand increases.,1000.0,,Certified,Infrastructure,Utilities,Utilities,8. Northeast,Tumbler Ridge,Aeolis Wind Power Corporation,,On hold,,Utilities (incl sewage treatment),False,False,False,False,False,False,,True,True,"Heidi T'enneh, McLeod Lake Indian Band",First Nations Clean Energy Revenue Sharing Agreement,,,,,54.945418,-120.5573071,54° 56' 43.51'' N,120° 33' 26.31'' W,(250) 655-0330,,2007-09-01,2025-03-01
2028,Oceanview Golf Resort & Spa (formerly Cable Bay Golf Resort),"Development on the southeast edge of Nanaimo, to include a golf resort, spa, 2677 residential units, seniors housing, a 120-room hotel, and 295,000 sq ft commercial space.",1000.0,,,Residential,Mixed use,Mixed use - Residential/Commercial/Retail/ Industrial,1. Vancouver Island/Coast,Nanaimo,,,Proposed,Preliminary/Feasibility,Residential/Commercial,False,False,False,False,False,False,,False,False,,,1000.0,500.0,,2031-10-01,49.1332779,-123.852211,"49° 7' 59.8"" N","123° 51' 7.96"" W",,www.oceanviewgolfresort.com,2007-06-01,2025-03-01
1932,Gething Coal Project,"Proposed coal mine with coal preparation plant will have a production rate of 2 million tonnes per year over a 50 year mine life. Exploration, design and permitting stages. Currently in pre-application phase under the Environmental Assessment Act. Funding of $860 million will be provided by Canadian Kailuan Dehua Mines Co., Ltd., a partnership between the Kailuan Group Co. Ltd, Shougang Group and Canadian Dehua International Mines Group Inc. $500 million will be contributed by a partnership between Shandong Energy Feicheng Mining Group Co. Ltd. And Canadian Dehua International Mines Group Inc. Construction is planned to take place 2 years after assessment process is complete.",1360.0,,Pre-application,Industrial,Mining,Mining,8. Northeast,Hudson Hope,"Canadian Kailuan Dehua Mines Co., Ltd./ Shandong Energy Feicheng Mining Group Co. Ltd",,Proposed,Consultation/Approvals,Mining & Oil & Gas Extraction,False,False,False,False,False,False,,False,False,,,,400.0,,,55.875311,-121.915283,"55° 52' 31.12"" N","121° 54' 55.02"" W",(604) 697-0118,www.dehua.ca,2007-03-01,2025-03-01
1958,Capital City Centre (Colwood Corners) Residential Development,"Development of a village centre that will total 3.8 million sq ft of floor space, to replace an existing mall at Sooke Rd and Goldstream Ave. The project includes 12 residential towers and 5 office towers, lowrise townhouses, retail and office space. Phase 1 of the project will be built over 4 years and cost $250 million and include: a five storey office building, a London Drugs with 5 levels of residential, and a 27 storey residential tower. Followed by; single storey commercial units, a grocery store, and a residential tower, Phases 2 and 3 are planned to complete over a 20 year period. The project design will be pedestrian oriented and incorporate smart growth standards. The project has been purchased by Onni Group in Oct 2014.",1000.0,,,Residential,Mixed use,Mixed use - Residential/Commercial/Retail/ Industrial,1. Vancouver Island/Coast,Colwood,Onni Group,,Construction started,,Residential/Commercial,False,False,False,False,False,False,,False,False,,,,,2012-01-01,2030-10-01,48.4431,-123.47,"48° 26' 35.16"" N","123° 28' 12"" W",(604) 602-7711,www.onni.com,2007-03-01,2025-03-01
1904,Mission Waterfront Project,"Proposed mixed residential development with commercial components on 150 acres bordered by Fraser River, the Westcoast Express Station and downtown Mission. Project to include hotel, an arts centre, office and commercial and educational space. Site will require a combination of remediation and in-filling before any development will be able to occur, requiring significant local investment. Project continues to be of interest, but no activity is expected to happen in the near future.",1500.0,,,Residential,Primarily residential - Single use,Residential,2. Mainland/Southwest,Mission,District of Mission,,Proposed,Tender/Preconstruction,Residential/Commercial,True,False,False,True,False,False,,False,False,,,,,,,49.12756,-122.2984873,"49° 7' 39.22"" N","122° 17' 54.55"" W",(604) 820-3700,,2006-12-01,2025-03-01
1917,Wildstone Golf and Residential Development,"Golf course and residential development  to include two Gary Player-designed 18-hole championship courses and 3000 unit residential development. Neighbourhood plan and zoning are in place, and one golf course has completed. Phase 1, The Whins, with 76 homesites and phase 2, Boulder Creek Villas with 43 units, are complete, followed by Penley Greens. Remaining single-family lots are ongoing.",750.0,,,Commercial,Accommodation,Resort,4. Kootenay,Cranbrook,,,Construction started,,Residential/Commercial,False,False,False,False,False,False,,False,False,,,,,2007-10-01,,49.5420914,-115.7574005,"49° 32' 31.53"" N","115° 45' 26.64"" W",(250) 426-4211 (City of Cranbrook),www.havaday.ca,2006-12-01,2025-03-01
1894,The Station Town Centre,"Proposed development on 207 acres located on the Alaska Hwy near Fort St. John. Project includes a power centre with big box stores over 80 acres. A hotel, truck centre and mixed density residential will comprise the remainder of the development. Estimated cost shown is for phase 1, commercial development portion of project. Phase 1 is fully serviced.",500.0,,,Commercial,Retail,Retail,8. Northeast,Fort St. John,Monark Group,,Construction started,,Residential/Commercial,False,False,False,False,False,False,,False,False,,,,,2016-10-01,2025-10-01,,,,,(250) 787-8150 (Fort St John City),www.station44.ca,2006-12-01,2025-03-01
1820,Oakridge Centre Redevelopment,"Redevelopment of the Oakridge Mall near 41st St and Cambie, with expansion of the mall that would increase retail space over 300,000 sq ft and office space by 400,000 sq ft . In addition, 2,900 units of residential space in thirteen 6 to 45-storey towers will also be added on the 11 hectare site. Oakridge Public Community Centre and Library are expected to complete in 2024.",1500.0,,,Commercial,Mixed use,Mixed use - Commercial/Retail/ Industrial/Residential,2. Mainland/Southwest,Vancouver,Westbank/ Quadreal Property Group,Henriquez Partners Architects,Construction started,,Residential/Commercial,False,False,False,False,False,True,LEED gold,False,False,,,,,2021-01-01,2026-10-01,49.233589,-123.117706,"49° 14' 0.92"" N","123° 7' 3.74"" W",(604) 263-2672,www.oakridge2025.ca,2006-09-01,2025-03-01
1722,Kutcho Mine Project,Proposed copper-zinc-silver-gold deposit development with an expected production capacity of 1 million tonnes/year. Final feasibility study complete late 2007.,483.0,,Pre-application,Industrial,Mining,Mining,7. Nechako,Dease Lake area,Kutcho Copper Corp.,,On hold,,Mining & Oil & Gas Extraction,False,False,False,False,False,False,,False,False,,,300.0,230.0,,,58.205,-128.358,"58° 12' 18"" N","128° 21' 28.8"" W",,,2006-06-01,2025-03-01
1644,Pacific Northern Gas Pipeline Looping Project,"Project consists of construction of a new 525 km, 24-inch natural gas pipeline between Summit Lake and Kitimat BC primarily along current pipeline right-of-ways. Project also includes a new compressor station as well as upgrades to existing stations. Pre-application phase under the Environmental Assessment Act has commenced. Geographic coordinates shown indicate project endpoint.",1300.0,,Pre-application,Industrial,Oil & Gas,Liquefied Natural Gas - Natural Gas Pipeline,6. North Coast,Kitimat To Summit Lake,Pacific Northern Gas Ltd.,,Proposed,Consultation/Approvals,Transportation & Warehousing,False,False,False,False,False,False,,False,False,,,2100.0,,,,54.033019,-128.685544,"54° 01' 58.87"" N","128° 41' 07.96"" W",(604) 691-5680,www.png.ca/png-looping-project,2006-03-01,2025-03-01
1648,Commercial Development,"Commercial development of approx 140,000 sq ft on a 12.3 ha parcel near the Crown Isle resort. Permits in place.",480.0,,,Commercial,Retail,Retail,1. Vancouver Island/Coast,Courtenay,CanCorp Properties Ltd.,,Proposed,Permitting,Residential/Commercial,False,False,False,False,False,False,,False,False,,,,,,,49.71613,-124.95317,"49° 42' 58.07"" N","124° 57' 11.41"" W",(604) 241-4400,,2006-03-01,2025-03-01
1714,Highland Valley Centre for Sustainable Waste Management,"Regional landfill proposed on a waste rock and overburden dump at the Highland Valley copper/molybdenum mine, located 20 km east of Logan Lake, with a capacity of 50 million tonnes of municipal solid waste (up to 600,000 tonnes/year) from throughout south-western BC. Certification has been received under the BC Environmental Assessment Act. Project is on hold until mine life is complete. Mine life has been extended to approximately 2028.",1100.0,,Certified,Infrastructure,Utilities,Sewage Treatment Facilities,3. Thompson-Okanagan,Logan Lake,Highland Valley Copper Corporation,,On hold,,Utilities (incl sewage treatment),False,False,False,False,False,False,,False,False,,,35.0,38.0,,,50.485067,-120.583542,"50° 29' 6.24"" N","120° 35' 0.75"" W",(250) 523-2443,,2006-03-01,2025-03-01
1617,Fairmont Hot Springs Golf Course Resort,"Proposed expansion and renovation of the Fairmont resort, to include new hotels and an expansion of the existing hotel, condominium and commercial developments, and expansion of the resort's ski areas, over 25 years. Majority of project is on hold until market conditions improve.",1000.0,,,Commercial,Accommodation,Resort,4. Kootenay,Invermere area,Fairmont Hot Springs Resort,,On hold,,Residential/Commercial,False,False,False,False,False,False,,False,False,,,,,,,,,,,(250) 345-6070,,2005-12-01,2025-03-01
1603,Crown Mountain Coking Coal Project,Proposed open pit coal mine located approximately 12 km northeast of Sparwood. Exploration has determined an estimated a metallurgical coal resource of 99 million tonnes. Project is in the pre-application stage under the Environmental Assessment Act.,561.0,,Review,Industrial,Mining,Mining,4. Kootenay,Sparwood,NWP Coal Canada Ltd./ Bathurst Resources,,Proposed,Consultation/Approvals,Mining & Oil & Gas Extraction,False,False,False,False,False,False,,False,False,,,150.0,240.0,2025-07-01,2026-10-01,49.802,-114.729,"49° 48' 7.1994"" N","114° 43' 44.3994"" W",(604) 629-8605,,2005-12-01,2025-03-01
1584,Spanish Mountain Copper-Gold Mines,Proposed project located 70 km northeast of Williams Lake is an open pit mine with an expected production rate of 14.6 million tonnes/year and a ten year mine life. Project is in the pre-application phase under the Environmental Assessment Act.,898.0,,Pre-application,Industrial,Mining,Mining,5. Cariboo,Williams Lake,Spanish Mountain Gold Ltd.,,Proposed,Consultation/Approvals,Mining & Oil & Gas Extraction,False,False,False,False,False,False,,False,True,"Williams Lake , Xatśūll First Nation",,2500.0,360.0,,,52.579703,-121.388031,"52° 34' 46.93"" N","121° 23' 16.91"" W",(604) 536-9501,,2005-12-01,2025-03-01
1418,Westhills Green Neighbourhood,"Long term plans for a 6000-dwelling project above Langford Lake on an 83-ha site to include a shopping centre, a passenger station for the E&N Railway, and a lodge. Project is registered to meet Leadership in Energy and Environmental Design (LEED) standards. This is a pilot project for LEED-ND (neighbourhood design). Website: www.westhillsbc.com. In Spring 2009, construction started with Parkdale Creek followed by Lakeview Ridge. Glenvale. The Paradise Falls neighbourhood will include single family and townhouse units. Project also includes a new YM-YWCA. Lakepoint One has 44 condominiums in a 6-storey building and Lakepoint Two will include 116-units in a 17-storey tower planned for construction in 2019 to 2021.",2000.0,,,Residential,Primarily residential - Single use,Residential,1. Vancouver Island/Coast,Langford,Westhills Land Corp.,,Construction started,,Residential/Commercial,False,False,False,False,False,True,LEED,False,False,,,,,2009-04-01,2029-10-01,48.4413015,-123.5332239,"48° 26' 28.69"" N","123° 31' 59.61"" W",(250) 388-1141,www.westhillsbc.com,2005-06-01,2025-03-01
1435,Sage Hills University and Residential Community,"Proposed international educational facilities with a private university and kindergarten to Grade 12 academy, to include a world-class sports academy and related residential and commercial development. Located on 2040 acres adjacent to the Inland Highway northwest of Union Bay and south of Courtenay. Initial stages would construct up to 2000 homes. The development will include two 18 hole golf courses. Hotson Bakker Architects have been selected as the Master Planner in Spring 2006. IMG Sports Group has been selected for the golf course and sports facility design. The master plan requires development approval.",1500.0,,,Institutional,Education,Educational Services,1. Vancouver Island/Coast,Union Bay,Independent Academies Canada Inc.,Hotson Bakker Architects,Proposed,Consultation/Approvals,Public Services,False,False,False,False,False,False,,False,False,,,,,,,49.62419,-124.93354,"49° 37' 27.08"" N","124° 56' 0.74"" W",(250) 381-8997,www.sagehillsbc.com,2005-06-01,2025-03-01
1324,Juan de Fuca  Power Cable,"Proposed construction of a 550 MW direct current line that would connect Vancouver Island to the Pacific Northwest power grid. The National Energy Board approved the Juan de Fuca cable project in Sep 2006. Environmental permitting and public consultation has completed, and final permitting and technical work is also complete. The project received a presidential permit from the US Department of Energy in Jul 2008 and a certificate of public convenience and necessity from Canada's National Energy Board. Proponent is expected to re-apply for a certificate of public convenience and necessity.",480.0,,,Infrastructure,Utilities,Utilities,1. Vancouver Island/Coast,Esquimalt,"Sea Breeze Pacific Juan de Fuca Cable, LP",,Proposed,,Utilities (incl sewage treatment),False,False,False,False,False,False,,False,False,,,16.0,,,,48.45,-123.4167,"48° 27' 0"" N","123° 25' 0.12"" W",(604) 689-2991,,2005-03-01,2025-03-01
1291,Hemlock Valley Mountain Ski Resort Expansion,"Proposed expansion to include additional lifts and ski runs as well as a new village centre, several 35 to 65 room hotels and up to 5,000 housing units. Project has undergone a review of the Master Plan and has received provincial government approval.",1500.0,,,Commercial,Recreation,Skiing Facilities/Residential,2. Mainland/Southwest,Agassiz,Berezan Management Ltd.,,Proposed,Consultation/Approvals,Other Services,False,False,False,False,False,False,,False,True,Sts'ailes First Nation,Project partner,,,,,49.3798981,-121.9357681,"49° 22' 47.63"" N","121° 56' 8.77"" W",(604) 455-5000,www.hemlockvalleyresort.com,2005-03-01,2025-03-01
1269,Dockside Green Development,"Mixed use development of the 6 ha Dockside Lands site. The development initially planned 1200 housing units, 75,000 sq ft of office and commercial space, a boutique hotel, and an open-air amphitheatre. Biomass heat generating plant and wastewater treatment plant are located on the site. Construction of Phase 1, Synergy (95 units) and Phase 2, Balance (171 units) took place from Spring 2006 to 2009. and have been certified to meet LEED Platinum standards. After a period on hold, Catalyst Community Developments Society is planning 49 affordable units in 2 buildings. Acheson and Madrona are underway.",650.0,,,Residential,Mixed use,Mixed use - Residential/Commercial/Retail/ Industrial,1. Vancouver Island/Coast,Victoria,Bosa Development Corp.,Busby Perkins + Will,Construction started,,Residential/Commercial,True,True,False,False,False,True,LEED platinum,False,False,,,,,2018-07-01,2027-10-01,48.430924,-123.378342,"48° 25' 51.32"" N","123° 22' 42.03"" W",(250) 361-0382 (Victoria City),www.docksidegreen.com,2004-12-01,2025-03-01
1280,Black Mountain Golf Community,"Major development on 385 acres to include approx 800 units of single-family homes, condominiums, townhouses and quarter share villas to be built in eight phases. Phases and 2 with mixed housing are complete. The Black Mountain Golf Course, an 18-hole course has completed construction. The Tuscan Sun Resort is a hotel which will contain 100-suites, a conference room, restaurant/pub, spa, gym, pool, retail space and underground parking. The Rialto Plaza 1 and 2 include commercial, retail space at ground level and residential units above. The Highlands ridge lots and phases are in Bluesky at Black Mountain. Current phases include phase 8c, phase 2 at Turnberry and the Villas at Greenock.",500.0,,,Residential,Primarily residential - Single use,Residential/Commercial,3. Thompson-Okanagan,Kelowna,Melcor Developments Ltd.,,Construction started,,Residential/Commercial,False,False,False,False,False,False,,False,False,,,,,2004-07-01,2025-10-01,49.8821,-119.3476,"49° 52' 55.57"" N","119° 20' 51.21"" W",(250) 717-8390,www.blackmountain.ca,2004-12-01,2025-03-01
1159,Morrison Copper-Gold Mine,"Proposed 25,000 tonnes/day ore production for an open pit copper/gold mine 65 km northeast of Smithers and 35 km north of the village of Granisle. Environmental Assessment approval refused.",517.0,,Refused,Industrial,Mining,Mining,7. Nechako,Granisle,Pacific Booker Minerals Inc.,,On hold,,Mining & Oil & Gas Extraction,False,False,False,False,False,False,,False,False,,,1250.0,251.0,,,55.1833,-126.2667,55°11′ N,126°16′ W,(604) 681-8556,,2004-06-01,2025-03-01
1074,Galore Creek Gold/Silver/ Copper Mine,"The proposed project is located 145 km northwest of Stewart. The mine will have a processing rate of 65,000 TPD. Concentrate would be shipped out through the port of Stewart and power would be supplied via the BC hydro grid. Project is on care and maintenance.",5160.0,,Certified,Industrial,Mining,Mining,6. North Coast,Iskut,NovaGold Resources Inc./Teck Resources,,On hold,,Mining & Oil & Gas Extraction,False,False,False,False,False,False,,False,True,"Tahltan Band Council, Iskut Band Council, Tahltan Central Council",,1000.0,525.0,,,57.13,-131.47,"57° 7' 48"" N","131° 28' 12"" W",(604) 669-6227,www.novagold.net,2004-03-01,2025-03-01
1080,Schaft Creek Porphyry Copper-Gold Mine,"Project covers the Schaft Creek area and is located 25 km northeast of the Galore Creek mine proposal (see separate entry). The production capacity of the proposed open pit mine is expected at up to 100,000 tonnes/day with a mine life a 20 years. Pre-feasibility study has revealed three deposit zones called Main, West Breccia and Paramount. The application has been withdrawn from BC Environmental Assessment process while the project undergoes substantial changes to the Project Summary. Resource modelling on the deposit is expected to complete in Q4 of 2016.",2900.0,,Withdrawn,Industrial,Mining,Mining,6. North Coast,Iskut,Copper Fox Metals/ Teck Resources,,Proposed,Consultation/Approvals,Mining & Oil & Gas Extraction,False,False,False,False,False,False,,False,True,"Tahltan Central Council, Tahltan Band Council, Iskut Band Council",,2100.0,700.0,,,57.367833,-130.98025,"57° 22' 4.2"" N","130° 58' 48.9"" W",(604) 689-5080,www.copperfoxmetals.com,2004-03-01,2025-03-01
989,River District (formerly East Fraserlands) Development,"130 acre community bordered by the Fraser River, Marine Way, Boundary Rd and Kerr St. A comprehensive neighbourhood plan includes 7,000 units in 25-storey residential towers, low-rise townhouses, and a commercial core with a community centre, parks and public open space. The Official Development Plan was adopted in Nov 2006. New Water will be the first phase with 157 units in 2 towers, followed by Shoreline waterfront apartments and R+R 99-unit condominiums. Currents at Water's Edge is a 143 unit mid-rise condominium built by Polygon Homes and Fraser Flats with 269-units is by Wesgroup.",4000.0,,,Residential,Mixed use,Mixed use - Residential/Commercial/Retail/ Industrial,2. Mainland/Southwest,Vancouver,Polygon Homes/Parklane Homes,GBL Architects,Construction started,,Residential/Commercial,False,False,False,False,False,True,LEED,False,False,,,,,2011-10-01,2032-10-01,49.2065,-123.0329,"49° 12' 23.4"" N","123° 1' 58.44"" W",(604) 873-7276 (Vancouver City),www.riverdistrict.ca,2003-09-01,2025-03-01
863,Roberts Bank Container Expansion Program Terminal 2,"Led by the Vancouver Fraser Port Authority, the Project is a container expansion program at Roberts Bank consisting of a single project to create a 2.4 million TEU terminal. Terminal 2 is a proposed greenfield container terminal at Roberts Bank, located adjacent to the existing GCT Deltaport container terminal. The project has been approved in federal environmental assessment.",3500.0,,Certified,Infrastructure,Other Transportation,Port and Harbour Facilities,2. Mainland/Southwest,Delta,Vancouver Fraser Port Authority,,Proposed,Consultation/Approvals,Transportation & Warehousing,False,False,False,False,False,False,,False,False,,,15000.0,9200.0,2027-10-01,2033-10-01,49.018567,-123.184258,"49° 1' 6.84"" N","123° 11' 3.33"" W",(604) 665-9000,www.robertsbankterminal2.com/,2002-12-01,2025-03-01
847,Bayview Residential Development,"Development of 5 buildings in Songhees including 3 residential towers, 10- , 11- and 13-storeys, and series of townhouses totalling 597 units. Bayview One is the first building to complete construction, a 143-units condominium in 11-storeys at 100 Saghalie Rd. Tower 2, 21-storey Promontory by Bosa Properties has 177 units is complete. Tower 3, 17-storey Encore has completed construction. Aquara seniors residence is on Parcel A. The fourth tower is 25-storey E&N Building with 183 units. The restoration of the historic Roundhouse portion (ID #2151) of the site will include additional commercial space. The 5-storey Bayview Place seniors residence is approved for construction in phase 4.",1000.0,,,Residential,Primarily residential - Single use,Residential,1. Vancouver Island/Coast,Victoria,Bayview Properties/ Bosa Properties,,Construction started,,Residential/Commercial,False,False,False,False,False,True,LEED,False,False,,,,,2006-07-01,2025-10-01,48.4287531,-123.3795748,"48° 25' 43.51"" N","123° 22' 46.47"" W",(250) 388-9924,www.bayviewresidences.com,2002-12-01,2025-03-01
833,Village at Fraser Mills,"Phased development includes 5,000 units of mixed housing including low rise and high rise buildings and 190,000 sq ft of retail space and 100,000 sq ft of office space and a BCIT training campus. An amendment to the Official Community Plan approved in Mar 2007. Development permit application has been submitted for a 22-storey highrise, 7 and 10 storey commercial/residential buildings, a 3-storey commercial building, and a pier. Two industrial buildings of 117,961 sq ft will initiate the first phase of construction. Changes to the master plan include the addition of 1,000 residential units and an aquatic centre. Debut will be a 36-storey condominium with 318 units, and Encore is the second tower of the project. Chapter will have 173-units in a 6-storey condominium.",600.0,,,Residential,Primarily residential - Single use,Residential/Commercial,2. Mainland/Southwest,Coquitlam,Beedie Group,Hotson Bakker Boniface Haden Architects,Proposed,,Residential/Commercial,False,False,False,False,False,False,,False,False,,,,,2025-04-01,2030-10-01,49.22472,-122.8208084,"49° 13' 28.99"" N","122° 49' 14.91"" W",(604) 435-3321,www.villageatfrasermills.com,2002-09-01,2025-03-01
819,NaiKun Wind Power Project,"Proposed 396 MW wind power project on the Queen Charlotte Islands. A detailed transmission study is completed and approval obtained to investigate use of the seabed for anchoring the towers. Permits have been obtained from Provincial and Federal governments to do seismic tests, wind tests and environmental studies; also obtained is a written permit from the Council of the Haida Nation. Project received Environmental Assessment Act certification and Federal approval. Project requires electricity purchase agreement in place to proceed.",2400.0,,Extended,Infrastructure,Utilities,Utilities,6. North Coast,Masset Area,Nai Kun Wind Development Inc./ABB New Ventures,,On hold,,Utilities (incl sewage treatment),False,False,False,False,False,False,,True,True,Council of the Haida Nation,,381.0,60.0,,,53.926986,-131.473389,"53° 55' 37.15"" N","131° 28' 24.2"" W",(604) 639-8460,www.naikun.ca,2002-06-01,2025-03-01
576,Predator Ridge Golf Resort Development,"New resort community near Vernon which includes an expansion to the existing golf course (completed - 27 holes), 51 golf-cottages, a town centre, and 2,120 housing units (single- and multi-family). Construction is on 400 acres of a 1,200 acre site. Phase 1, a 237 unit single- and multi-family subdivision and phases 2 and 3, each of which included 27 units have completed. A road development south of Predator Ridge, Longspoon Drive, provides access to Longspoon Ridge neighbourhood witch has 3 phases completed. Vista Crest is a 13 lot phase released in Falcon Point. The Doug Carrick designed course named the Ridge Course completed in Summer 2010. Longspoon Ridge phase contains single family homes and Whitetail phase brings the development to 650 homes. The Triangle Lands will include 211 single family and townhouse units. Semi-detached homes are under development in Havencrest phase.",500.0,,,Residential,Primarily residential - Single use,Residential/Commercial,3. Thompson-Okanagan,Vernon,Predator Ridge Developments Ltd.,The Hulbert Group,Construction started,,Residential/Commercial,False,False,False,False,False,False,,False,False,,,,,1999-07-01,2030-10-01,50.1882133,-119.3892365,"50° 11' 17.57"" N","119° 23' 21.25"" W",(250) 503-1739,www.predatorridge.com,1999-06-01,2025-03-01
557,Revelstoke Mountain Ski Resort,"All-season ski resort near Revelstoke with 25 lifts, 100 ski and snowboard trails, and 16,000 beds to be built in five phases. The $100 million Phase 1 will include the construction of 5 chairlifts and 300 to 400 units of housing.  Approx 369 acres of private land at the base is slated to have an 18-hole golf course, a commercial development, and a residential development to include 556 single-family homes, 834 townhomes, 1,471 condominiums and several hotels. The $22 million gondola and chairlift opened in Dec 2007. Phase 2 is underway with expansion of employee housing, a hotel, and golf course developed by Northland Properties/Cabot Pacific. Raven townhomes are completing Late 2024.",1000.0,,,Commercial,Recreation,Skiing Facilities,3. Thompson-Okanagan,Revelstoke,Revelstoke Mountain Resorts Ltd.,Raymond Letkeman Architects,Construction started,,Other Services,False,False,False,False,False,False,,False,False,,,1300.0,1400.0,2007-04-01,2025-10-01,50.9781685,-118.1665421,"50° 58' 41.41"" N","118° 9' 59.55"" W",(250) 426-1743 (Integrated Land Management Bureau),www.skirevelstoke.com,1999-03-01,2025-03-01
267,Wilden Development,"Development of 2,800 housing units made up of single-family homes, townhouses, row houses including some 3- to 4-storey apartment buildings, 10,000 sq ft of convenience commercial areas, an elementary school and parks.  Located between Glenmore and Clifton Roads. Total area is 720 ha. Phase 1 includes 450 single-family and 200 townhome units and is nearing completion.  Phase 2 includes 1,200 single-family and multi-family units and is under construction.  Phase 2 will eventually include a school and a mixed-use village centre. Phase 2E, Rocky Point includes 82 single-family lots which were completed in the fall of 2015.  Phase 2F, Forest Edge includes 63 single-family lots which will be complete and available in the fall of 2016. Rezoning for the balance of the property is not yet complete.",2100.0,,,Residential,Primarily residential - Single use,Residential,3. Thompson-Okanagan,Kelowna,Blenk Development Corp.,Ekistics Town Planning Inc.,Construction started,,Residential/Commercial,False,False,False,False,False,False,,False,False,,,,,2002-07-01,2030-10-01,49.93045,-119.46156,"49° 55' 49.62"" N","119° 27' 41.62"" W",(604) 739-7526 (Ekistics),,1998-03-01,2025-03-01
302,New Prosperity Gold-Copper Project,Proposed development of a large gold/copper deposit 125 km SW of Williams Lake (192 km by road). An estimated resource containing 13.3 million oz of gold and 5.3 billion lbs of copper. Construction of a 125 km power transmission line and access roads will be included in the project. Pre-feasibility study was completed by Kilborn Engineering Pacific Ltd.,1000.0,,Certified,Industrial,Mining,Mining,5. Cariboo,Williams Lake,Taseko Mines Ltd.,,On hold,,Mining & Oil & Gas Extraction,False,False,False,False,False,False,,False,False,,,700.0,650.0,,,51.466667,-123.616667,51°28‘ N,123°37‘ W,(778) 373-4533,www.newprosperityproject.ca,1997-12-01,2025-03-01
12,CFB Esquimalt Projects,"Activity on projects includes: Hazardous Materials Facility ($14.53), and the Firehall and Operations Centre ($23.5 million) are complete. The Modernization of the Fleet Maintenance Facility ($500 million) is a program to transform 38 maintenance shops into one facility, phased over 5 years. A 500 m utility corridor ($19.7 million) includes 5 access structures for maintenance. Improvements include repair of caisson ($4 million), and security upgrades across CFB Esquimalt ($11 million). Replacement of Jetties A and B ($1.1 billion) includes supporting infrastructure. Demolition and rebuilding of B jetty has completed with construction ongoing towards the completion of A jetty.",1635.0,,,Institutional,Government buildings,Public Administration,1. Vancouver Island/Coast,Esquimalt,Department of Defense,,Construction started,,Public Services,True,False,True,False,False,False,,False,False,,,1300.0,,1999-01-01,2031-10-01,48.4304008,-123.4319992,"48° 25' 49.44"" N","123° 25' 55.2"" W",(250) 363-7928,,1997-12-01,2025-03-01
270,Tower Ranch Golf Resort,"Project includes championship golf course, country club, hotel, 800 unit residential development and village centre. Clubhouse and Thomas Broom-designed golf course are complete. Dilworth Homes built 238 single-family units, with the model homes include Solstice and Uplands phases. Sage Water and Kuipers Peak townhomes and the Peregrine are multi-family homes.",1000.0,,,Residential,Primarily residential - Single use,Residential/Accommodation,3. Thompson-Okanagan,Kelowna,Parkbridge Homes,,Construction started,,Residential/Commercial,False,False,False,False,False,False,,False,False,,,,,2007-04-01,2025-10-01,49.9122963,-119.342926,"49° 54' 44.27"" N","119° 20' 34.53"" W",(604) 594-1335,,1997-12-01,2025-03-01
282,Sun Rivers Community,"Development of a country club, residential units, school, and retail and commercial space on a 460 acre site near Hwy 16. The project will eventually contain 2,500 single- and multi-family residential units, with eight phases in total. An 18-hole golf course and a driving range are complete. Development of Phase 1 of the single-family units: The Fairways, a 9-townhouse unit, and the Sagewood are complete. Construction of the Mariposa, Rosewood and Trillium are complete. Development of Talasa, by the Cambri Development Group, will include 450 multi-residential units, a 20,000 sq ft recreation centre and a retail village square. Lowrise buildings Navarro, Alamar, and Paloma have completed. Future phases of a long-term care home and 600 units of mixed housing are planned on the  remaining parcels.",450.0,,,Residential,Mixed use,Mixed use - Residential/Commercial/Retail/ Industrial,3. Thompson-Okanagan,Kamloops,Sun Rivers Development Corp.,,Construction started,,Residential/Commercial,False,False,False,False,False,False,,False,False,,,,,1997-10-01,2030-10-01,50.6883278,-120.2978439,"50° 41' 17.98"" N","120° 17' 52.24"" W",(250) 828-9989,www.sunrivers.com,1997-12-01,2025-03-01
119,Garibaldi at Squamish Ski Resort,"Proposed all-season mountain resort in the Brohm Ridge region of Mount Garibaldi, adjacent to Garibaldi Provincial Park and the community of Squamish. The resort will be built in 4 phases with the resort capacity reaching 17,538 by 2040. Garibaldi at Squamish Inc. (GAS) is composed of principals Aquilini Investment Group and Northland Properties.",3500.0,,Certified,Commercial,Recreation,Skiing Facilities/Residential,2. Mainland/Southwest,Squamish,Garibaldi at Squamish Inc.,,Proposed,Consultation/Approvals,Other Services,False,False,False,False,False,False,,False,True,Squamish Nation,Project site is on traditional territory.,13232.0,2463.0,2025-10-01,2040-10-01,49.833333,-123.116667,"49°50'00"" N","123°07'00"" W",(604) 687-8813,www.garibaldiatsquamish.com,1997-09-01,2025-03-01
